filename,gps_latitude,gps_longitude,gps_altitude,cluster
frame_000000.png,0.0,0.0,0.0,C
frame_000001.png,51.41841304754961,8.21874487595559,464.4290161132813,F
frame_000002.png,51.418413055978,8.218744923718786,464.4281921386719,F
frame_000003.png,51.41841304331966,8.218744818149434,464.4299621582031,F
frame_000004.png,51.41841302867159,8.218744827141132,464.43255615234375,F
frame_000005.png,51.41841307474216,8.218744885871628,464.4279174804688,F
frame_000006.png,51.41841305988338,8.218744884275793,464.428466796875,F
frame_000007.png,51.41841307594719,8.218744934432255,464.42584228515625,F
frame_000008.png,51.41841304328174,8.218744922706007,464.4212951660156,F
frame_000009.png,51.418413038758594,8.218744918196998,464.421630859375,F
frame_000010.png,51.41841305552612,8.21874494184659,464.420654296875,F
frame_000011.png,51.418413080196935,8.218744867565253,464.42919921875,F
frame_000012.png,51.41841305007758,8.218744882261662,464.4286193847656,F
frame_000013.png,51.418413059024594,8.218744862322625,464.42425537109375,F
frame_000014.png,51.418413070767,8.218744900513071,464.4291687011719,F
frame_000015.png,51.41841308049492,8.218744918255647,464.43017578125,F
frame_000016.png,51.41841308567541,8.218744921173014,464.4292297363281,F
frame_000017.png,51.4184130872035,8.218744912802496,464.4284362792969,F
frame_000018.png,51.418413073484864,8.218744868612815,464.432373046875,F
frame_000019.png,51.41841309392885,8.21874491462043,464.4318237304688,F
frame_000020.png,51.41841309443906,8.218744887813436,464.4324951171875,F
frame_000021.png,51.41841305119253,8.218744866555824,464.4302978515625,F
frame_000022.png,51.41841307872192,8.218744872885543,464.4305114746094,F
frame_000023.png,51.41841305630408,8.218744867508734,464.4353942871094,F
frame_000024.png,51.41841306568551,8.218744874331756,464.4324951171875,F
frame_000025.png,51.4184130773256,8.218744874011623,464.43206787109375,F
frame_000026.png,51.41841309355547,8.2187449074556,464.4293518066406,F
frame_000027.png,51.41841309084931,8.218744897156952,464.4324035644531,F
frame_000028.png,51.41841309104937,8.218744891649262,464.4351501464844,F
frame_000029.png,51.41841303864216,8.218744828760224,464.4344177246094,F
frame_000030.png,51.41841307346233,8.218744872361642,464.428955078125,F
frame_000031.png,51.4184130874316,8.218744870487267,464.4311218261719,F
frame_000032.png,51.41841309603659,8.218744868987747,464.4320068359375,F
frame_000033.png,51.41841309387594,8.21874484833762,464.4263000488281,F
frame_000034.png,51.418413094585055,8.218744864665503,464.4274597167969,F
frame_000035.png,51.41841305170608,8.218744884726208,464.4285278320313,F
frame_000036.png,51.4184130555459,8.218744887094864,464.4258728027344,F
frame_000037.png,51.41841307496668,8.218744901381376,464.4233093261719,F
frame_000038.png,51.41841305595039,8.218744854906666,464.430908203125,F
frame_000039.png,51.41841307437419,8.21874485955811,464.4306945800781,F
frame_000040.png,51.4184130883241,8.218744884817543,464.4312133789063,F
frame_000041.png,51.418413067174704,8.21874485540174,464.4259338378906,F
frame_000042.png,51.41841306502783,8.218744824351148,464.4278564453125,F
frame_000043.png,51.41841305257394,8.218744812842445,464.4245910644531,F
frame_000044.png,51.418413085584575,8.218744884340287,464.4254760742188,F
frame_000045.png,51.4184130739532,8.218744906259094,464.4259948730469,F
frame_000046.png,51.41841305940028,8.21874488531002,464.42816162109375,F
frame_000047.png,51.4184130446231,8.218744929582533,464.4247741699219,F
frame_000048.png,51.4184131095831,8.21874490946753,464.43267822265625,F
frame_000049.png,51.41841307759358,8.218744917755721,464.42913818359375,F
frame_000050.png,51.41841306301514,8.218744911065585,464.4326477050781,F
frame_000051.png,51.418413066445474,8.218744908408885,464.4261169433594,F
frame_000052.png,51.41841306930561,8.218744895246209,464.4288330078125,F
frame_000053.png,51.41841307810394,8.218744960848216,464.4329528808594,F
frame_000054.png,51.4184131182754,8.218745220060107,464.4293823242188,F
frame_000055.png,51.41841363966511,8.218748232289341,464.7630310058594,F
frame_000056.png,51.418413691002826,8.218748466130382,464.8330993652344,F
frame_000057.png,51.418413813450265,8.21874854847943,464.8967590332031,F
frame_000058.png,51.41841444888011,8.218748507499155,465.3735046386719,F
frame_000059.png,51.41841443946692,8.218748362896036,465.4646911621094,F
frame_000060.png,51.41841443244496,8.218748254395384,465.5653381347656,F
frame_000061.png,51.41841430786971,8.21874802553648,465.678466796875,F
frame_000062.png,51.41841422591729,8.2187476970478,465.9188537597656,F
frame_000063.png,51.41841413998883,8.218747695231746,466.064453125,F
frame_000064.png,51.41841416168795,8.218747604023894,466.2011413574219,F
frame_000065.png,51.41841416404953,8.218747638227885,466.3529357910156,F
frame_000066.png,51.41841435266349,8.218747665050234,466.7972412109375,F
frame_000067.png,51.41841446703781,8.218747834141112,466.98046875,F
frame_000068.png,51.418421477456455,8.218766049937637,467.96875,F
frame_000069.png,51.41842857394067,8.218784859843034,468.51263427734375,F
frame_000070.png,51.418431050612455,8.218791393667976,468.72857666015625,F
frame_000071.png,51.41843352493934,8.218797989939038,468.9305419921875,F
frame_000072.png,51.41844078703806,8.218817528359114,469.5274353027344,F
frame_000073.png,51.41844311440874,8.21882361181404,469.73834228515625,F
frame_000074.png,51.41844535545493,8.21882946397549,469.9603576660156,F
frame_000075.png,51.41844903640346,8.218839034330696,470.2864685058594,F
frame_000076.png,51.418450976352126,8.218843319992576,470.6960754394531,F
frame_000077.png,51.4184515602101,8.218844702025512,470.8135070800781,F
frame_000078.png,51.41845227329425,8.218846456411615,470.9413146972656,F
frame_000079.png,51.41845250178779,8.218846977931959,470.9492492675781,F
frame_000080.png,51.41845264567751,8.21884729470765,470.9425659179688,F
frame_000081.png,51.41845271227136,8.218847425757385,470.934814453125,F
frame_000082.png,51.41845256677723,8.218847312656552,470.9334411621094,F
frame_000083.png,51.418452530546375,8.218847338872797,470.93206787109375,F
frame_000084.png,51.41845255169536,8.218847486001374,470.93072509765625,F
frame_000085.png,51.41845272571928,8.21884789312868,470.9278564453125,F
frame_000086.png,51.418452873415525,8.21884825508363,470.9259948730469,F
frame_000087.png,51.41845317168186,8.218849049492034,470.9159240722656,F
frame_000088.png,51.418453505339386,8.218849724878867,470.9231872558594,F
frame_000089.png,51.41845354657118,8.218849912707537,470.9200439453125,F
frame_000090.png,51.41845356666157,8.218850030077997,470.9206848144531,F
frame_000091.png,51.41845345336056,8.218850438275073,470.9162292480469,F
frame_000092.png,51.41845339370779,8.218850641159856,470.9088745117188,F
frame_000093.png,51.41845335841075,8.21885082641929,470.9090881347656,F
frame_000094.png,51.41845315872831,8.218850904701815,470.9059448242188,F
frame_000095.png,51.418453131843975,8.21885106148926,470.89739990234375,F
frame_000096.png,51.41845318656159,8.218851027347375,470.9046020507813,F
frame_000097.png,51.4184532751764,8.218851014600936,470.90277099609375,F
frame_000098.png,51.41845334716851,8.2188510075838,470.8896484375,F
frame_000099.png,51.41845342533583,8.21885097881289,470.8840942382813,F
frame_000100.png,51.418453929958034,8.218851048602996,470.86614990234375,F
frame_000101.png,51.41845399999429,8.21885071360077,470.8790588378906,F
frame_000102.png,51.41845401338399,8.218850495278721,470.88275146484375,F
frame_000103.png,51.41845401430209,8.218850331696874,470.8826599121094,F
frame_000104.png,51.418453990845705,8.218850180520821,470.88092041015625,F
frame_000105.png,51.41845391959808,8.218849972611604,470.8839111328125,F
frame_000106.png,51.41845372428617,8.218849518686898,470.8938903808594,F
frame_000107.png,51.41845391570858,8.218849313559083,470.8946533203125,F
frame_000108.png,51.4184539562411,8.218849210880332,470.8951110839844,F
frame_000109.png,51.41845395660883,8.218849021201109,470.9009094238281,F
frame_000110.png,51.41845385947522,8.21884872064143,470.8979187011719,F
frame_000111.png,51.418453636923104,8.218848625206153,470.8868713378906,F
frame_000112.png,51.418453485547104,8.218848576421886,470.9002380371094,F
frame_000113.png,51.418453460070175,8.218848714483055,470.9155883789063,F
frame_000114.png,51.41845329333277,8.21884891276606,470.9291687011719,F
frame_000115.png,51.41845307820436,8.218848860129109,470.9328308105469,F
frame_000116.png,51.4184530651255,8.218848032965754,470.9469909667969,F
frame_000117.png,51.41845319072712,8.21884726873331,470.945556640625,F
frame_000118.png,51.41845323019561,8.218846967357265,470.92724609375,F
frame_000119.png,51.418453196619325,8.218846808896851,470.922607421875,F
frame_000120.png,51.41845317704858,8.21884658961954,470.9172058105469,F
frame_000121.png,51.4184532508965,8.218846424157533,470.9141540527344,F
frame_000122.png,51.41845344006408,8.218846315703164,470.9226379394531,F
frame_000123.png,51.418453526910575,8.21884633081356,470.9358825683594,F
frame_000124.png,51.418453642610345,8.21884652262336,470.9347839355469,F
frame_000125.png,51.41845371728771,8.218846843434557,470.9380493164063,F
frame_000126.png,51.41845378341377,8.218847853539078,470.9298400878906,F
frame_000127.png,51.41845379195086,8.218847939162458,470.9371337890625,F
frame_000128.png,51.4184537034368,8.218848040774969,470.9343872070313,F
frame_000129.png,51.41845301688889,8.21884818860865,470.9271240234375,F
frame_000130.png,51.4184526372729,8.218848281096223,470.9250183105469,F
frame_000131.png,51.41845241891694,8.218848162578972,470.9332275390625,F
frame_000132.png,51.41845240829045,8.218848065107972,470.9390869140625,F
frame_000133.png,51.41845243399272,8.21884800079815,470.936279296875,F
frame_000134.png,51.41845246242503,8.218847907955679,470.9299926757813,F
frame_000135.png,51.41845269942326,8.218847745111987,470.9314575195313,F
frame_000136.png,51.41845289272239,8.218847630995208,470.927490234375,F
frame_000137.png,51.41845367488632,8.218846935885352,470.9558715820313,F
frame_000138.png,51.418453739721,8.218846979008092,470.94769287109375,F
frame_000139.png,51.41845376744016,8.21884707498555,470.943115234375,F
frame_000140.png,51.4184536260135,8.218847305156574,470.9429321289063,F
frame_000141.png,51.41845356090308,8.218847475822008,470.9459533691406,F
frame_000142.png,51.41845340740384,8.218847806108755,470.9435119628906,F
frame_000143.png,51.41845326613772,8.218848038964468,470.9442138671875,F
frame_000144.png,51.41845327987564,8.218847869956079,470.9539489746094,F
frame_000145.png,51.41845333931288,8.2188478800312,470.9495849609375,F
frame_000146.png,51.41845336610538,8.218847983851354,470.9420471191406,F
frame_000147.png,51.418453237463446,8.218848136784649,470.940673828125,F
frame_000148.png,51.41845311779285,8.218848248806133,470.938232421875,F
frame_000149.png,51.41845308347982,8.218848228012064,470.9414978027344,F
frame_000150.png,51.41845306777155,8.218848142115641,470.9477844238281,F
frame_000151.png,51.418453092593104,8.218848109969732,470.9327087402344,F
frame_000152.png,51.41845330513923,8.218847817887694,470.9269104003906,F
frame_000153.png,51.41845346006459,8.218847666788083,470.9324035644531,F
frame_000154.png,51.41845390828016,8.218847266145977,470.9330139160156,F
frame_000155.png,51.41845418932696,8.218847161215393,470.9230651855469,F
frame_000156.png,51.41845414566999,8.218847134879814,470.92572021484375,F
frame_000157.png,51.41845404103901,8.218847124424965,470.9260864257813,F
frame_000158.png,51.418453888054174,8.218847157818526,470.9281921386719,F
frame_000159.png,51.41845375893178,8.218847193888704,470.9283142089844,F
frame_000160.png,51.41845354899689,8.218847385176485,470.9338073730469,F
frame_000161.png,51.41845353057083,8.218847571593498,470.9323425292969,F
frame_000162.png,51.41845355536038,8.21884773138632,470.9315185546875,F
frame_000163.png,51.41845356247907,8.21884777685128,470.9321899414063,F
frame_000164.png,51.418453631447086,8.218847810333811,470.93011474609375,F
frame_000165.png,51.41845385561766,8.2188474330356,470.9581604003906,F
frame_000166.png,51.41845382225979,8.218847261372645,470.9692993164063,F
frame_000167.png,51.41845381078359,8.218847209474257,470.9678649902344,F
frame_000168.png,51.418453764959125,8.218847142389974,470.9736328125,F
frame_000169.png,51.41845375506493,8.218847159104618,470.9756164550781,F
frame_000170.png,51.41845378395261,8.218847241327486,470.9748229980469,F
frame_000171.png,51.41845379087887,8.218847289508961,470.9773864746094,F
frame_000172.png,51.4184537679471,8.218847335515287,470.9724731445313,F
frame_000173.png,51.418453686436166,8.21884737768332,470.9720458984375,F
frame_000174.png,51.41845365949935,8.218847426157438,470.9718017578125,F
frame_000175.png,51.41845358814499,8.218847440198628,470.9631652832031,F
frame_000176.png,51.41845348258568,8.218847510593001,470.9545593261719,F
frame_000177.png,51.41845339904882,8.218847402283812,470.95306396484375,F
frame_000178.png,51.418453487189474,8.218847266571506,470.9520263671875,F
frame_000179.png,51.41845405988896,8.2188474158933,470.9572448730469,F
frame_000180.png,51.418455228232176,8.21884835357875,470.960693359375,F
frame_000181.png,51.41845619942527,8.218849974270086,470.9605102539063,F
frame_000182.png,51.41845708759879,8.218853098038986,470.99017333984375,F
frame_000183.png,51.41845707306862,8.218852997053947,470.9866027832031,F
frame_000184.png,51.41845693743888,8.218852813392914,471.00433349609375,F
frame_000185.png,51.418456070516704,8.218852134888428,471.0165710449219,F
frame_000186.png,51.4184537867119,8.218849439961955,471.0706481933594,F
frame_000187.png,51.4184411891837,8.218831426161456,471.2619323730469,F
frame_000188.png,51.4184359106664,8.218823630466817,471.3230285644531,F
frame_000189.png,51.41842962991191,8.218814518059018,471.4027099609375,F
frame_000190.png,51.41841455906796,8.218792652594402,471.5547790527344,F
frame_000191.png,51.4183920525758,8.218759730641885,471.4490661621094,F
frame_000192.png,51.41838402728839,8.218748386873717,471.4812927246094,F
frame_000193.png,51.41838202306189,8.218745384916177,471.5357055664063,F
frame_000194.png,51.41838047701137,8.218742934089065,471.5379028320313,F
frame_000195.png,51.41837920255448,8.218740870617614,471.5365295410156,F
frame_000196.png,51.41837736899711,8.218737174996633,472.2256774902344,F
frame_000197.png,51.418377098620944,8.218736529659143,472.6598205566406,F
frame_000198.png,51.41837697908209,8.218736271077686,473.1549072265625,F
frame_000199.png,51.41837696398093,8.218735986529506,474.3317260742188,F
frame_000200.png,51.41837697387528,8.218735966303896,474.9635925292969,F
frame_000201.png,51.4183769862112,8.218736021175195,475.6077880859375,F
frame_000202.png,51.41837698376409,8.218735989909863,476.2536315917969,F
frame_000203.png,51.41837695272002,8.218736061078753,477.5745849609375,F
frame_000204.png,51.41837671807431,8.218735722897215,478.9452819824219,F
frame_000205.png,51.41837605881288,8.218734676749893,479.482177734375,F
frame_000206.png,51.418370531506845,8.218726234802213,480.0535888671875,F
frame_000207.png,51.41836305656642,8.218714705874339,480.0135803222656,F
frame_000208.png,51.41835241622911,8.218698646371239,479.9680480957031,F
frame_000209.png,51.4183460547801,8.218689073312559,479.9720458984375,F
frame_000210.png,51.41833911698871,8.218678551132378,479.9598083496094,F
frame_000211.png,51.41833153075319,8.218666801688673,479.9460754394531,F
frame_000212.png,51.41831422534908,8.218640376383728,479.9114990234375,F
frame_000213.png,51.418294594975606,8.218611220502476,479.9078369140625,F
frame_000214.png,51.41828425673864,8.218596015185403,479.9074401855469,F
frame_000215.png,51.41826364068155,8.218565133172396,479.9240112304688,A
frame_000216.png,51.41825364684198,8.218550019952955,479.961669921875,A
frame_000217.png,51.41824382235747,8.218535313515185,479.97796630859375,A
frame_000218.png,51.41823429590306,8.21852101521766,479.9624328613281,A
frame_000219.png,51.41821627698368,8.218493871976822,479.8252258300781,A
frame_000220.png,51.41820886025821,8.218483375353982,479.8448791503906,A
frame_000221.png,51.41819256034284,8.218459251598333,479.9374084472656,A
frame_000222.png,51.41819226210182,8.218458412668888,479.8956909179688,A
frame_000223.png,51.41819324043393,8.218459919658349,479.916748046875,A
frame_000224.png,51.41819368358999,8.218460671719532,479.9361572265625,A
frame_000225.png,51.418194345941615,8.218461716445718,479.93853759765625,A
frame_000226.png,51.41819453134388,8.218461918291297,479.9430541992188,A
frame_000227.png,51.41819462914901,8.218461863488105,479.9490356445313,A
frame_000228.png,51.41819495632062,8.218461086813589,479.9484252929688,A
frame_000229.png,51.4181952568656,8.218461397590408,479.9680786132813,A
frame_000230.png,51.41819410591982,8.21846060075622,480.02056884765625,A
frame_000231.png,51.41819094518022,8.2184565330995,480.0503845214844,A
frame_000232.png,51.41818479950595,8.21844862436462,480.0357971191406,A
frame_000233.png,51.418180579127785,8.21844332232776,480.0276489257813,A
frame_000234.png,51.41817570587367,8.218437223427367,480.0148315429688,A
frame_000235.png,51.41815849768989,8.218414577468195,479.9867858886719,A
frame_000236.png,51.418152268895554,8.218406346710363,479.9560546875,A
frame_000237.png,51.41812908568407,8.21837565113092,479.9214782714844,A
frame_000238.png,51.41812436786114,8.218369335504779,479.9019775390625,A
frame_000239.png,51.41812022499668,8.218363703039403,479.8824157714844,A
frame_000240.png,51.418116963796486,8.218359240213639,479.8583984375,A
frame_000241.png,51.41811312707044,8.218353716778877,479.8465881347656,A
frame_000242.png,51.418112485528994,8.21835249277405,479.86859130859375,A
frame_000243.png,51.41811236296775,8.218351858641475,479.8732604980469,A
frame_000244.png,51.41811255956409,8.218351641553696,479.8429260253906,A
frame_000245.png,51.41811359232169,8.218352030041212,479.58599853515625,A
frame_000246.png,51.41811487116144,8.218352962480866,478.9463806152344,A
frame_000247.png,51.41811556437757,8.2183536643393,478.4856872558594,A
frame_000248.png,51.41811708375122,8.21835519515345,477.4567565917969,A
frame_000249.png,51.41811787913651,8.218356083823531,476.911865234375,A
frame_000250.png,51.418118618719326,8.218357208088113,476.3892517089844,A
frame_000251.png,51.41811929018481,8.218358308028408,475.87005615234375,A
frame_000252.png,51.41812083230023,8.218361078601527,474.6527404785156,A
frame_000253.png,51.418121030723896,8.218361658581276,474.407470703125,A
frame_000254.png,51.418121032236726,8.218361384466178,474.1512756347656,A
frame_000255.png,51.41811828352084,8.218355629423002,474.2480773925781,A
frame_000256.png,51.418115598593225,8.218354897836216,474.2656555175781,A
frame_000257.png,51.418115021058,8.218355323252691,474.2705993652344,A
frame_000258.png,51.418115076508286,8.218356082800366,474.248779296875,A
frame_000259.png,51.4181152657221,8.218357157101934,474.2606201171875,A
frame_000260.png,51.41811513271965,8.218357887908779,474.2783508300781,A
frame_000261.png,51.41811481462211,8.218358959062018,474.3014526367188,A
frame_000262.png,51.418110919961286,8.218368875288208,474.3084411621094,A
frame_000263.png,51.418106302326805,8.218380481407738,474.2491455078125,A
frame_000264.png,51.41810583936545,8.218381755152125,474.2757873535156,A
frame_000265.png,51.41810554949966,8.218382717459296,474.2703247070313,A
frame_000266.png,51.41810500702446,8.218384031777925,474.2849731445313,A
frame_000267.png,51.418104953877815,8.218384183558928,474.281005859375,A
frame_000268.png,51.41810488202077,8.218384399380819,474.2823791503906,A
frame_000269.png,51.41810475578073,8.218384285530911,474.2871398925781,A
frame_000270.png,51.418104953474455,8.218383490007726,474.2970581054688,A
frame_000271.png,51.41810508135486,8.218383282172102,474.2921142578125,A
frame_000272.png,51.41810516096115,8.218382516477972,474.3087158203125,A
frame_000273.png,51.41810520028916,8.218382418311517,474.3140563964844,A
frame_000274.png,51.41810525074046,8.218382378484604,474.3123168945313,A
frame_000275.png,51.4181052828079,8.218382403477637,474.3124084472656,A
frame_000276.png,51.41810536451381,8.218382580551983,474.3060607910156,A
frame_000277.png,51.41810539068588,8.218382636610986,474.3062744140625,A
frame_000278.png,51.4181054283452,8.218382730503452,474.3045959472656,A
frame_000279.png,51.41810541050178,8.218382933921774,474.2958068847656,A
frame_000280.png,51.41810539214946,8.218382957078243,474.2955322265625,A
frame_000281.png,51.418105388805664,8.218383053930527,474.2922668457031,A
frame_000282.png,51.41810540433328,8.218383089103968,474.2938537597656,A
frame_000283.png,51.41810533806781,8.218383286286967,474.2881774902344,A
frame_000284.png,51.41810535206592,8.218383470757045,474.2840881347656,A
frame_000285.png,51.41810536242486,8.21838353530332,474.2784729003906,A
frame_000286.png,51.41810541757828,8.218383630266231,474.28619384765625,A
frame_000287.png,51.418105482827215,8.218383628216303,474.27545166015625,A
frame_000288.png,51.41810556456231,8.218383832096212,474.26318359375,A
frame_000289.png,51.41810563917836,8.218384259461835,474.25830078125,A
frame_000290.png,51.41810564534281,8.21838442298024,474.2531127929688,A
frame_000291.png,51.41810564570479,8.218384585688401,474.254638671875,A
frame_000292.png,51.41810551414099,8.21838471061114,474.2623901367188,A
frame_000293.png,51.41810547663436,8.218384731849982,474.263671875,A
frame_000294.png,51.418105442967786,8.218384795974071,474.2655029296875,A
frame_000295.png,51.41810543369562,8.218384866994404,474.2650146484375,A
frame_000296.png,51.41810526453481,8.218385124757635,474.2527160644531,A
frame_000297.png,51.41810516884084,8.218385231198296,474.2471618652344,A
frame_000298.png,51.41810505831008,8.218385242274351,474.2533874511719,A
frame_000299.png,51.4181046443633,8.218385206772025,474.26751708984375,A
frame_000300.png,51.4181045408969,8.218385117791918,474.2749328613281,A
frame_000301.png,51.41810455730583,8.218385036096448,474.2792053222656,A
frame_000302.png,51.41810479955502,8.218384194461782,474.2746276855469,A
frame_000303.png,51.41810487115105,8.21838388660462,474.27642822265625,A
frame_000304.png,51.41810497268864,8.218383198459652,474.2921447753906,A
frame_000305.png,51.41810503686799,8.218382965814754,474.29498291015625,A
frame_000306.png,51.418105082556856,8.218382748137635,474.2986145019531,A
frame_000307.png,51.41810521835757,8.218382205216766,474.2935485839844,A
frame_000308.png,51.41810533624931,8.218382058712583,474.29290771484375,A
frame_000309.png,51.41810542944536,8.218382464693676,474.2848205566406,A
frame_000310.png,51.41810540408144,8.21838270986344,474.2886047363281,A
frame_000311.png,51.418105397520726,8.218382962426183,474.28955078125,A
frame_000312.png,51.41810545928707,8.218383643321452,474.2763671875,A
frame_000313.png,51.41810547706796,8.218383751500905,474.28033447265625,A
frame_000314.png,51.4181055040299,8.218383835924387,474.27545166015625,A
frame_000315.png,51.41810562723885,8.218383948874736,474.2903747558594,A
frame_000316.png,51.41810558081796,8.21838386214085,474.2965393066406,A
frame_000317.png,51.41810557084255,8.218383920398436,474.2995910644531,A
frame_000318.png,51.41810541163843,8.218383973378003,474.310791015625,A
frame_000319.png,51.41810539384576,8.21838393729884,474.3081970214844,A
frame_000320.png,51.41810539001182,8.218383903445773,474.3064270019531,A
frame_000321.png,51.418105398482815,8.218383738121107,474.3157043457031,A
frame_000322.png,51.41810549569181,8.218383367156898,474.3219909667969,A
frame_000323.png,51.41810563033279,8.218383239127684,474.3216857910156,A
frame_000324.png,51.41810556197857,8.218382649680889,474.3398132324219,A
frame_000325.png,51.41810549530598,8.218382543885735,474.3362731933594,A
frame_000326.png,51.418105427961216,8.218382699039173,474.311279296875,A
frame_000327.png,51.41810536870447,8.218382714781473,474.31060791015625,A
frame_000328.png,51.4181052758223,8.21838286825805,474.30657958984375,A
frame_000329.png,51.41810518648037,8.218383133286906,474.3005676269531,A
frame_000330.png,51.418105038206726,8.218383355185003,474.3003845214844,A
frame_000331.png,51.418104998714426,8.218383427395917,474.3033447265625,A
frame_000332.png,51.41810500480892,8.218383601195475,474.2982482910156,A
frame_000333.png,51.41810502342666,8.218383613373987,474.2988586425781,A
frame_000334.png,51.41810508273233,8.218383594373103,474.29876708984375,A
frame_000335.png,51.4181052981943,8.218383599617919,474.3061828613281,A
frame_000336.png,51.41810534819712,8.218383763186093,474.3092041015625,A
frame_000337.png,51.41810532552493,8.218383838009618,474.3123168945313,A
frame_000338.png,51.41810527999203,8.218383990626794,474.3054809570313,A
frame_000339.png,51.418105126333344,8.218384042600002,474.3092956542969,A
frame_000340.png,51.41810508540507,8.218384122239932,474.3036804199219,A
frame_000341.png,51.418104955320345,8.21838409022288,474.305908203125,A
frame_000342.png,51.41810492445223,8.218384115599953,474.3044738769531,A
frame_000343.png,51.41810490858612,8.21838413032088,474.3001403808594,A
frame_000344.png,51.41810488715237,8.218384149369195,474.3023071289063,A
frame_000345.png,51.41810484588321,8.218384178433793,474.2996520996094,A
frame_000346.png,51.41810474547079,8.21838417184017,474.3090515136719,A
frame_000347.png,51.41810470350968,8.21838411349774,474.3116149902344,A
frame_000348.png,51.41810464155483,8.218384032653763,474.3110656738281,A
frame_000349.png,51.4181047905865,8.218383810448321,474.3089904785156,A
frame_000350.png,51.41810482816538,8.218383805894504,474.3091735839844,A
frame_000351.png,51.41810483097067,8.218383738327729,474.3074035644531,A
frame_000352.png,51.41810486341436,8.218383781451449,474.30072021484375,A
frame_000353.png,51.41810503739658,8.21838461334648,474.2816162109375,A
frame_000354.png,51.41810510170999,8.21838459018762,474.29388427734375,A
frame_000355.png,51.41810510755919,8.21838461075642,474.29290771484375,A
frame_000356.png,51.41810514374879,8.218384584274082,474.28228759765625,A
frame_000357.png,51.4181051937064,8.218384450467584,474.2914123535156,A
frame_000358.png,51.41810519163598,8.218384391031302,474.2979431152344,A
frame_000359.png,51.41810624308904,8.218384318352689,474.29534912109375,A
frame_000360.png,51.41810745658805,8.218384877395115,474.29248046875,A
frame_000361.png,51.41810861933784,8.218386240843525,474.2681274414063,A
frame_000362.png,51.418110216150126,8.218390205151005,474.3039855957031,A
frame_000363.png,51.4181102935915,8.218394550254587,474.3160705566406,A
frame_000364.png,51.418107511453904,8.218397693052387,474.2696228027344,A
frame_000365.png,51.41810751648704,8.218397127070801,474.2763671875,A
frame_000366.png,51.41810756394924,8.218393710296258,474.3303833007813,A
frame_000367.png,51.418108140097,8.218389976451396,474.36572265625,A
frame_000368.png,51.41810963954381,8.21838427481684,474.3711242675781,A
frame_000369.png,51.418115419272205,8.218366933804594,474.3717346191406,A
frame_000370.png,51.41811654548071,8.218365454715935,474.3787231445313,A
frame_000371.png,51.41811788745576,8.218363685740982,474.40179443359375,A
frame_000372.png,51.41811899692346,8.218360066066108,474.4150085449219,A
frame_000373.png,51.41811887004696,8.218358398646084,474.4073486328125,A
frame_000374.png,51.41811740922056,8.218355745314748,474.40533447265625,A
frame_000375.png,51.41811494189348,8.218355076107578,474.4112854003906,A
frame_000376.png,51.41811363942568,8.218356268731931,474.42095947265625,A
frame_000377.png,51.418113724661865,8.21835670309093,474.412109375,A
frame_000378.png,51.41811385162,8.218357633028608,474.4255981445313,A
frame_000379.png,51.41811375877406,8.218358260652673,474.42724609375,A
frame_000380.png,51.41811347032496,8.218359013984866,474.442138671875,A
frame_000381.png,51.41811306386221,8.218360373077742,474.4543762207031,A
frame_000382.png,51.41811138970149,8.218364890146722,474.4303894042969,A
frame_000383.png,51.41811021914529,8.218367827270248,474.4196166992188,A
frame_000384.png,51.41810892183232,8.218371143591757,474.4114379882813,A
frame_000385.png,51.4181075950463,8.218374531894048,474.3946838378906,A
frame_000386.png,51.41810484313279,8.218381430131332,474.396728515625,A
frame_000387.png,51.41810350957782,8.218384867210828,474.3905944824219,A
frame_000388.png,51.41810220507761,8.218388203033374,474.395263671875,A
frame_000389.png,51.418101028285584,8.218391588520015,474.4002380371094,A
frame_000390.png,51.418097514812,8.218400965268419,474.40667724609375,A
frame_000391.png,51.41809536418679,8.218407075172065,474.3987121582031,A
frame_000392.png,51.41809308771692,8.218412956719439,474.4090881347656,A
frame_000393.png,51.41809083994477,8.21841916587159,474.4083251953125,A
frame_000394.png,51.418089717902326,8.218422292482218,474.4133605957031,A
frame_000395.png,51.41808751341807,8.218428842328342,474.4085998535156,A
frame_000396.png,51.418086377195145,8.218431930780008,474.4111328125,A
frame_000397.png,51.41808531044231,8.218435105100376,474.4132995605469,A
frame_000398.png,51.41808418552779,8.218438120042164,474.4095458984375,A
frame_000399.png,51.41808197852989,8.218444198224637,474.4122619628906,A
frame_000400.png,51.418076611052,8.218459003672523,474.3897705078125,A
frame_000401.png,51.41807543436986,8.218461869033789,474.4026794433594,F
frame_000402.png,51.41807439132543,8.218464819852258,474.3972778320313,F
frame_000403.png,51.41807330172329,8.218467720206108,474.39849853515625,F
frame_000404.png,51.4180711002858,8.218473603965315,474.39306640625,F
frame_000405.png,51.41807005166917,8.218476577622756,474.38812255859375,F
frame_000406.png,51.4180689457112,8.218479443418671,474.394287109375,F
frame_000407.png,51.41806785895958,8.218482426986874,474.3980102539063,F
frame_000408.png,51.41806566448079,8.218488547762862,474.402099609375,F
frame_000409.png,51.41806458811247,8.21849175979045,474.3909606933594,F
frame_000410.png,51.4180634802843,8.218494907211488,474.38818359375,F
frame_000411.png,51.41806242199058,8.21849808129788,474.3889770507813,F
frame_000412.png,51.41806018507096,8.218504106601346,474.3836669921875,F
frame_000413.png,51.418059159490966,8.21850713249155,474.3928833007813,F
frame_000414.png,51.418056964593255,8.218512978523801,474.4029235839844,F
frame_000415.png,51.41805475053268,8.218518865475017,474.40576171875,F
frame_000416.png,51.4180536429328,8.218521865875534,474.4107666015625,F
frame_000417.png,51.41805251837163,8.21852474607444,474.4075012207031,F
frame_000418.png,51.41805136027063,8.218527694374202,474.4091796875,F
frame_000419.png,51.41804912916699,8.218533675486146,474.3912353515625,F
frame_000420.png,51.41804793073016,8.218536551514909,474.4008483886719,F
frame_000421.png,51.41804680406877,8.21853946150119,474.40338134765625,F
frame_000422.png,51.4180457196593,8.218542500711559,474.3934631347656,F
frame_000423.png,51.4180434597673,8.21854826828683,474.3890075683594,F
frame_000424.png,51.418040190086025,8.218556906088537,474.4006652832031,F
frame_000425.png,51.41803690287605,8.21856556841453,474.4168090820313,F
frame_000426.png,51.418035930444326,8.218568461217155,474.413330078125,F
frame_000427.png,51.41803307215955,8.218577150849745,474.3989562988281,B
frame_000428.png,51.41803207857329,8.218580151733129,474.3963928222656,B
frame_000429.png,51.4180311141524,8.218583323645705,474.387451171875,B
frame_000430.png,51.41803013041243,8.218586332918552,474.38958740234375,B
frame_000431.png,51.41802679109496,8.218595211269486,474.39556884765625,B
frame_000432.png,51.418025637121055,8.218598073368472,474.4101867675781,B
frame_000433.png,51.418022076105096,8.21860632432329,474.4267883300781,B
frame_000434.png,51.41802098156512,8.21860913902826,474.42279052734375,B
frame_000435.png,51.41801988179933,8.218611842374985,474.40228271484375,B
frame_000436.png,51.418018964694014,8.21861454276125,474.374755859375,B
frame_000437.png,51.41801786491696,8.218618401910396,474.3366394042969,B
frame_000438.png,51.41801759352366,8.21861938147511,474.3367919921875,B
frame_000439.png,51.41801767976646,8.21862004861825,474.3501586914063,B
frame_000440.png,51.4180181285531,8.21862021545612,474.3587341308594,B
frame_000441.png,51.4180183707286,8.218620512594104,474.336669921875,B
frame_000442.png,51.41801843322411,8.218620603307341,474.3368835449219,B
frame_000443.png,51.41801855717428,8.218620594557374,474.3559875488281,B
frame_000444.png,51.41801866628334,8.218620606946537,474.3566284179688,B
frame_000445.png,51.41801873584077,8.21862068591669,474.3570556640625,B
frame_000446.png,51.41801887067841,8.218621144251655,474.3544921875,B
frame_000447.png,51.41801894048504,8.218621602837318,474.3609924316406,B
frame_000448.png,51.41801912395139,8.218622517028697,474.3450317382813,B
frame_000449.png,51.41801909735565,8.218622635530885,474.3482666015625,B
frame_000450.png,51.4180190428086,8.21862263902435,474.3460998535156,B
frame_000451.png,51.41801894055158,8.218622582951001,474.3516540527344,B
frame_000452.png,51.41801867451456,8.218622371282102,474.3352661132813,B
frame_000453.png,51.41801852409757,8.218622302167761,474.3284301757813,B
frame_000454.png,51.41801835231048,8.218622232303153,474.3287048339844,B
frame_000455.png,51.418018214770704,8.218622261141897,474.3277282714844,B
frame_000456.png,51.41801782735909,8.218622534064467,474.318359375,B
frame_000457.png,51.41801762201359,8.21862264748841,474.3208312988281,B
frame_000458.png,51.41801744541302,8.218622677454649,474.3320617675781,B
frame_000459.png,51.41801723843596,8.218622679133949,474.3452453613281,B
frame_000460.png,51.41801684268215,8.218622921578326,474.3553466796875,B
frame_000461.png,51.41801672776416,8.218623148566099,474.3551940917969,B
frame_000462.png,51.41801657637557,8.218623380952936,474.3506774902344,B
frame_000463.png,51.41801629188827,8.218623708969199,474.3395690917969,B
frame_000464.png,51.41801621293958,8.218623743176472,474.3322448730469,B
frame_000465.png,51.41801611770193,8.218623746922342,474.3358459472656,B
frame_000466.png,51.41801608678272,8.21862369121956,474.3322143554688,B
frame_000467.png,51.41801606197972,8.218623363314627,474.33636474609375,B
frame_000468.png,51.418016124075386,8.218623107653956,474.3353271484375,B
frame_000469.png,51.41801634661447,8.218622813058955,474.3243408203125,B
frame_000470.png,51.4180167809354,8.218622248072249,474.3280029296875,B
frame_000471.png,51.41801700003698,8.218622072833899,474.3204345703125,B
frame_000472.png,51.4180172553793,8.218622004515593,474.3141479492188,B
frame_000473.png,51.41801758544794,8.218621638236327,474.328125,B
frame_000474.png,51.41801788662482,8.218621777571071,474.314697265625,B
frame_000475.png,51.418017980179016,8.218621791917034,474.3101806640625,B
frame_000476.png,51.41801817261213,8.218621098989004,474.3623962402344,B
frame_000477.png,51.41801826687744,8.21862068367549,474.3843383789063,B
frame_000478.png,51.418018297170576,8.218620229243433,474.40325927734375,B
frame_000479.png,51.41801832297727,8.218619819701644,474.4052734375,B
frame_000480.png,51.41801616084673,8.218619011254225,474.4267883300781,B
frame_000481.png,51.41801610702569,8.218619835328239,474.4052734375,B
frame_000482.png,51.41801695802699,8.21862093127114,474.4051208496094,B
frame_000483.png,51.41802109408573,8.218621284771721,474.4373779296875,B
frame_000484.png,51.41802715019541,8.218618674845679,474.4462585449219,B
frame_000485.png,51.41802959125039,8.218616271051637,474.43658447265625,B
frame_000486.png,51.4180336344732,8.218610592373711,474.4385986328125,B
frame_000487.png,51.41803552588226,8.218607747072472,474.4452209472656,B
frame_000488.png,51.41803745487651,8.21860508392365,474.4456176757813,B
frame_000489.png,51.41803939406758,8.21860237899262,474.4485778808594,B
frame_000490.png,51.41804338686542,8.218597830863477,474.4430236816406,F
frame_000491.png,51.41804544155441,8.218595611637712,474.4465637207031,F
frame_000492.png,51.41804758985848,8.218593597976154,474.4204711914063,F
frame_000493.png,51.41804972131529,8.218591599864885,474.4004211425781,F
frame_000494.png,51.41805366082703,8.21858789556603,474.3956298828125,F
frame_000495.png,51.41805546358787,8.218586125009706,474.4170227050781,F
frame_000496.png,51.41805724375178,8.218584304704946,474.4202270507813,F
frame_000497.png,51.41805886769113,8.218582331647706,474.42193603515625,F
frame_000498.png,51.41806217782414,8.21857817769771,474.4214782714844,F
frame_000499.png,51.41806360179652,8.218576228316797,474.3822937011719,F
frame_000500.png,51.41806456876991,8.218574707982683,474.3885192871094,F
frame_000501.png,51.41806559719076,8.218572625256964,474.4287414550781,F
frame_000502.png,51.4180657348896,8.21857240199383,474.4447937011719,F
frame_000503.png,51.41806588245185,8.218572211364076,474.4499206542969,F
frame_000504.png,51.4180659997564,8.218572100001657,474.4415588378906,F
frame_000505.png,51.41806646698614,8.218571603175219,474.4514770507813,F
frame_000506.png,51.4180668096469,8.218571178442165,474.4315490722656,F
frame_000507.png,51.41806683885314,8.21857086907299,474.43212890625,F
frame_000508.png,51.41806680763752,8.218570674665898,474.4189147949219,F
frame_000509.png,51.41806636337261,8.218570617516884,474.4424743652344,F
frame_000510.png,51.41806624595807,8.218570658272764,474.4414978027344,F
frame_000511.png,51.41806600634537,8.218570711751683,474.435546875,F
frame_000512.png,51.41806579766342,8.218570578214239,474.4236450195313,F
frame_000513.png,51.418065708138265,8.218570550085524,474.4187316894531,F
frame_000514.png,51.41806557662555,8.218570441707653,474.4239501953125,F
frame_000515.png,51.41806543340982,8.218570370751216,474.4317626953125,F
frame_000516.png,51.41806513979906,8.218570389121544,474.4329528808594,F
frame_000517.png,51.41806500570799,8.218570472965506,474.4386291503906,F
frame_000518.png,51.41806489164349,8.218570571193402,474.4425659179688,F
frame_000519.png,51.41806473391158,8.218570637434285,474.4402160644531,F
frame_000520.png,51.41806445492431,8.218570723054553,474.4216613769531,F
frame_000521.png,51.41806394156214,8.21857261822668,474.35247802734375,F
frame_000522.png,51.41806294622869,8.21857562339203,474.4205932617188,F
frame_000523.png,51.41806206573339,8.218578413437339,474.4599914550781,F
frame_000524.png,51.4180648746076,8.218579063410814,474.4299621582031,F
frame_000525.png,51.4180664312402,8.218577553681452,474.4298400878906,F
frame_000526.png,51.41806757170857,8.218576199506558,474.41217041015625,F
frame_000527.png,51.41806775860034,8.218576011934829,474.42236328125,F
frame_000528.png,51.4180684938803,8.218575991694065,474.445068359375,F
frame_000529.png,51.41807030890792,8.21857426316205,474.5070190429688,F
frame_000530.png,51.41806943691351,8.218569723112735,474.5569458007813,F
frame_000531.png,51.41806807640557,8.218564937176055,474.5154113769531,F
frame_000532.png,51.41806708342867,8.218559203440714,474.5187377929688,F
frame_000533.png,51.41806677464143,8.218555948874961,474.506591796875,F
frame_000534.png,51.41806650264167,8.218552419086674,474.5032043457031,F
frame_000535.png,51.41806618835178,8.218548556131045,474.5045776367188,F
frame_000536.png,51.41806547013914,8.218540346997859,474.4932861328125,F
frame_000537.png,51.41806512572365,8.218536140498742,474.4875183105469,F
frame_000538.png,51.418064702731606,8.21853196147376,474.48486328125,F
frame_000539.png,51.418062422644574,8.21851278514504,474.47064208984375,F
frame_000540.png,51.41806196315154,8.218509213203891,474.47113037109375,F
frame_000541.png,51.41806092351357,8.218502412168272,474.4719543457031,F
frame_000542.png,51.41806039316822,8.218499007976646,474.4659729003906,F
frame_000543.png,51.41805976106147,8.218495688824857,474.4665832519531,F
frame_000544.png,51.41805916309896,8.218492395329122,474.4625244140625,F
frame_000545.png,51.41805799751401,8.218485644271722,474.4537963867188,F
frame_000546.png,51.4180568300186,8.218478608048231,474.4630432128906,F
frame_000547.png,51.41805632567768,8.21847507576164,474.4591979980469,F
frame_000548.png,51.41805540061165,8.218467990563024,474.4474182128906,F
frame_000549.png,51.41805450888344,8.218460736122235,474.4557189941406,F
frame_000550.png,51.41805410597127,8.218456998338146,474.4617309570313,F
frame_000551.png,51.41805318602495,8.218446357816434,474.4868469238281,F
frame_000552.png,51.418051897796246,8.21843452224133,474.4796752929688,A
frame_000553.png,51.41805106909956,8.21842860776754,474.48583984375,A
frame_000554.png,51.418050730269854,8.218425581144091,474.4805908203125,A
frame_000555.png,51.41805001078505,8.218419227324242,474.49798583984375,A
frame_000556.png,51.41804932845567,8.218412456759532,474.4871215820313,A
frame_000557.png,51.41804806663984,8.218401979230714,474.4768981933594,A
frame_000558.png,51.41804753421559,8.218398373011638,474.4846496582031,A
frame_000559.png,51.41804697162689,8.2183946788626,474.4726867675781,A
frame_000560.png,51.41804648478943,8.218390772220227,474.4567260742188,A
frame_000561.png,51.4180454979371,8.218383492499227,474.4635925292969,A
frame_000562.png,51.4180449972628,8.218379971119184,474.4691162109375,A
frame_000563.png,51.41804454208516,8.218376449693581,474.46722412109375,A
frame_000564.png,51.41804302413514,8.218365834468068,474.4627685546875,A
frame_000565.png,51.41804254308053,8.218362232393613,474.4562683105469,A
frame_000566.png,51.41804040442104,8.218344433039114,474.4261169433594,A
frame_000567.png,51.41803990697501,8.21834076956365,474.4293518066406,A
frame_000568.png,51.41803939655025,8.218337213227068,474.433349609375,A
frame_000569.png,51.41803839445492,8.218330517145423,474.4342346191406,A
frame_000570.png,51.41803789552277,8.218327389868383,474.439697265625,A
frame_000571.png,51.41803740025546,8.218324295483459,474.4330139160156,A
frame_000572.png,51.41803695799992,8.218321049148111,474.4365234375,A
frame_000573.png,51.418036142801405,8.218314413160646,474.4338684082031,A
frame_000574.png,51.41803524699948,8.218307635148207,474.4271240234375,E
frame_000575.png,51.41803484183664,8.218304237142021,474.4328918457031,E
frame_000576.png,51.41803404286016,8.218297489600394,474.4394226074219,E
frame_000577.png,51.41803360559539,8.218294076867696,474.4365539550781,E
frame_000578.png,51.41803317193324,8.21829062358968,474.4337158203125,E
frame_000579.png,51.4180327477978,8.218287156812627,474.4265441894531,E
frame_000580.png,51.41803201017312,8.218280076474596,474.4235534667969,E
frame_000581.png,51.418031293952055,8.21827351110541,474.4220886230469,E
frame_000582.png,51.41803091354697,8.218270199352737,474.4348449707031,E
frame_000583.png,51.41803013308151,8.218263725034577,474.4169616699219,E
frame_000584.png,51.41802966056021,8.218260450899189,474.4142761230469,E
frame_000585.png,51.418028762233504,8.218253892060476,474.404541015625,E
frame_000586.png,51.418027807227936,8.218247435844633,474.4067993164063,E
frame_000587.png,51.41802634561055,8.218237677659882,474.4159240722656,E
frame_000588.png,51.418025518741935,8.218231112825295,474.4318542480469,E
frame_000589.png,51.41802504275885,8.21822777926538,474.4364318847656,E
frame_000590.png,51.41802464404303,8.218224296686534,474.4280090332031,E
frame_000591.png,51.41802420916746,8.218220761940664,474.43603515625,E
frame_000592.png,51.418022001158754,8.218202903851553,474.4376525878906,E
frame_000593.png,51.41802123313074,8.218195686259516,474.4049377441406,E
frame_000594.png,51.41802089561626,8.218192420316786,474.3829040527344,E
frame_000595.png,51.41802037822528,8.218186898483461,474.3869018554688,E
frame_000596.png,51.41802043122466,8.218186747859768,474.3968811035156,E
frame_000597.png,51.418020953721296,8.218185766515663,474.4014587402344,E
frame_000598.png,51.418020869190855,8.218186292748483,474.4319458007813,E
frame_000599.png,51.418020522834006,8.218186661454707,474.4088745117188,E
frame_000600.png,51.41802047478318,8.218186688113795,474.4338684082031,E
frame_000601.png,51.41802050642119,8.218187128326408,474.44049072265625,E
frame_000602.png,51.41802052381148,8.218187424559321,474.4495239257813,E
frame_000603.png,51.41802062012963,8.218187829327904,474.4577331542969,E
frame_000604.png,51.41802069809343,8.21818819474315,474.4643859863281,E
frame_000605.png,51.41802077523907,8.21818847833694,474.4493408203125,E
frame_000606.png,51.418020866236304,8.218188368082997,474.4497680664063,E
frame_000607.png,51.41802096923838,8.218188253563111,474.4608154296875,E
frame_000608.png,51.41802112034895,8.218188201903349,474.4551086425781,E
frame_000609.png,51.418021337254885,8.2181880986554,474.4574279785156,E
frame_000610.png,51.418021370844826,8.218187965300023,474.4609069824219,E
frame_000611.png,51.41802140135331,8.218187848938237,474.4578857421875,E
frame_000612.png,51.4180213879593,8.21818767729546,474.4577941894531,E
frame_000613.png,51.418021297454985,8.218187490185258,474.4439392089844,E
frame_000614.png,51.41802125795027,8.218187279530877,474.4503479003906,E
frame_000615.png,51.41802122676784,8.218186884726814,474.4409790039063,E
frame_000616.png,51.41802119577677,8.218186893155528,474.4371948242188,E
frame_000617.png,51.41802109131808,8.218186828031346,474.4346618652344,E
frame_000618.png,51.41802094878194,8.218186718255772,474.4362487792969,E
frame_000619.png,51.41802084986285,8.218186737934897,474.4333190917969,E
frame_000620.png,51.41802067506839,8.218186737680986,474.4344177246094,E
frame_000621.png,51.4180204079242,8.218186602036276,474.4324035644531,E
frame_000622.png,51.41802026818498,8.21818654891754,474.4208068847656,E
frame_000623.png,51.418020180341074,8.218186475399914,474.4124755859375,E
frame_000624.png,51.418020075364005,8.218186222954294,474.4081726074219,E
frame_000625.png,51.41802006716699,8.218186003127459,474.4189147949219,E
frame_000626.png,51.4180200473415,8.218185777977986,474.4283447265625,E
frame_000627.png,51.41801982593648,8.218185551171402,474.41400146484375,E
frame_000628.png,51.4180197443685,8.218185549871114,474.4121398925781,E
frame_000629.png,51.41801967384807,8.21818546294626,474.41259765625,E
frame_000630.png,51.41801952520337,8.218185537362999,474.4122314453125,E
frame_000631.png,51.41801951251854,8.218185498820242,474.4175415039063,E
frame_000632.png,51.41801951346636,8.218185478738329,474.4149169921875,E
frame_000633.png,51.418019572220985,8.218185503145573,474.40814208984375,E
frame_000634.png,51.4180196186764,8.218185489915118,474.4143676757813,E
frame_000635.png,51.4180196611206,8.218185671576592,474.4166564941406,E
frame_000636.png,51.418019702786125,8.218185683260108,474.414306640625,E
frame_000637.png,51.418019811645465,8.218185621622082,474.410400390625,E
frame_000638.png,51.41802062825235,8.218184148182916,474.3494567871094,E
frame_000639.png,51.41802050480277,8.218182179864282,474.4397583007813,E
frame_000640.png,51.41801702820705,8.218185965376106,474.4176330566406,E
frame_000641.png,51.4180130250564,8.218200304988242,474.4043884277344,E
frame_000642.png,51.41801208612806,8.218204187254253,474.4070434570313,E
frame_000643.png,51.41801001640791,8.218211734399027,474.4048461914063,E
frame_000644.png,51.41800697594741,8.218221922244664,474.4053649902344,E
frame_000645.png,51.41800390848387,8.218231605517401,474.3844604492188,E
frame_000646.png,51.41800176350496,8.21823815830574,474.39263916015625,E
frame_000647.png,51.417999779272,8.21824499038516,474.3802490234375,E
frame_000648.png,51.41799870695037,8.218248366158685,474.3894958496094,E
frame_000649.png,51.41799778165697,8.218251821912412,474.3817138671875,E
frame_000650.png,51.41799680869009,8.218255174288013,474.3887939453125,E
frame_000651.png,51.4179948155799,8.218261768874571,474.3916015625,E
frame_000652.png,51.41799301207183,8.218268015090144,474.39788818359375,E
frame_000653.png,51.41799212768742,8.218271093545226,474.39306640625,E
frame_000654.png,51.41798946943344,8.2182803933964,474.3889770507813,E
frame_000655.png,51.41798856626782,8.218283561944078,474.38958740234375,E
frame_000656.png,51.41798768603536,8.218286815821154,474.3830261230469,E
frame_000657.png,51.41798577037216,8.2182931598947,474.3834838867188,E
frame_000658.png,51.41798482766863,8.218296289668686,474.3775024414063,E
frame_000659.png,51.41797935229154,8.21831497261427,474.3917541503906,E
frame_000660.png,51.417978299685885,8.218318069574877,474.4095153808594,E
frame_000661.png,51.41797622324354,8.218324310676623,474.41693115234375,E
frame_000662.png,51.4179751348802,8.218327438948178,474.4228820800781,E
frame_000663.png,51.417974071924405,8.2183307073985,474.4189147949219,E
frame_000664.png,51.41797300133068,8.218333961589478,474.4148254394531,E
frame_000665.png,51.41796878877836,8.218346441607567,474.3835754394531,D
frame_000666.png,51.41796776927343,8.218349031736468,474.39068603515625,D
frame_000667.png,51.41796086500715,8.21836757059382,474.4117736816406,D
frame_000668.png,51.417957726647536,8.218376786664274,474.4161987304688,D
frame_000669.png,51.41795562296663,8.218383173485535,474.4203796386719,D
frame_000670.png,51.41795453326949,8.218386415349492,474.4163513183594,D
frame_000671.png,51.41795229904054,8.218392823655588,474.4247131347656,D
frame_000672.png,51.41794993909544,8.218399227791014,474.4235534667969,D
frame_000673.png,51.41794874312146,8.21840233418415,474.4282836914063,D
frame_000674.png,51.41794649196928,8.218408439743824,474.4308776855469,D
frame_000675.png,51.41794316391295,8.218417455801942,474.43060302734375,D
frame_000676.png,51.41794215165759,8.21842050776092,474.4207153320313,D
frame_000677.png,51.41794112839958,8.21842358931139,474.4158935546875,D
frame_000678.png,51.41793696342532,8.218436185895623,474.4031677246094,D
frame_000679.png,51.41793405516768,8.21844599885076,474.3981323242188,D
frame_000680.png,51.417933100733535,8.218449193876827,474.3970336914063,D
frame_000681.png,51.41793123014446,8.218455406268788,474.3974609375,D
frame_000682.png,51.417929312628935,8.21846148598034,474.3974609375,D
frame_000683.png,51.41792740898551,8.218467288072784,474.3970031738281,D
frame_000684.png,51.41792641944313,8.218470030589263,474.4148559570313,D
frame_000685.png,51.41792455836358,8.218475574879866,474.4027404785156,D
frame_000686.png,51.4179236855266,8.218478415108065,474.3942565917969,D
frame_000687.png,51.41792170993903,8.218484020106942,474.39642333984375,D
frame_000688.png,51.417920083853815,8.218489091487406,474.3511047363281,D
frame_000689.png,51.4179196225326,8.218490751766153,474.3565673828125,D
frame_000690.png,51.41791954817126,8.218491950434325,474.3625183105469,D
frame_000691.png,51.417919758486335,8.21849283751353,474.3404846191406,D
frame_000692.png,51.4179205972851,8.21849347323174,474.3438415527344,D
frame_000693.png,51.4179208419605,8.218493701109972,474.3510437011719,D
frame_000694.png,51.41792103897483,8.218493901602848,474.3374633789063,D
frame_000695.png,51.41792119162515,8.21849415527764,474.3355102539063,D
frame_000696.png,51.41792135959031,8.218494384394718,474.35296630859375,D
frame_000697.png,51.41792138228426,8.21849438713872,474.3551940917969,D
frame_000698.png,51.417921360847785,8.218494292695436,474.3604736328125,D
frame_000699.png,51.41792136257258,8.218494217082362,474.36376953125,D
frame_000700.png,51.41792150563521,8.2184940314839,474.3530578613281,D
frame_000701.png,51.417921555605496,8.218493800522875,474.3457336425781,D
frame_000702.png,51.41792165130854,8.21849313013244,474.354248046875,D
frame_000703.png,51.41792168940309,8.21849236181922,474.3668823242188,D
frame_000704.png,51.41792175867476,8.21849211106892,474.3711242675781,D
frame_000705.png,51.41792180235428,8.218492052979041,474.3678894042969,D
frame_000706.png,51.41792174901196,8.218492033254757,474.3722229003906,D
frame_000707.png,51.41792180558277,8.218492019315748,474.3614807128906,D
frame_000708.png,51.4179217939991,8.218491720568348,474.37933349609375,D
frame_000709.png,51.41792179244058,8.218491545471208,474.3808898925781,D
frame_000710.png,51.41792187009369,8.218491461652858,474.3726501464844,D
frame_000711.png,51.41792182747718,8.218491428877494,474.3755493164063,D
frame_000712.png,51.41792176122159,8.21849136829013,474.376708984375,D
frame_000713.png,51.41792173778524,8.218491404656282,474.37884521484375,D
frame_000714.png,51.417921706556506,8.218491336992853,474.392333984375,D
frame_000715.png,51.41792172794549,8.218491358944732,474.3874206542969,D
frame_000716.png,51.41792178219272,8.21849136878014,474.3921203613281,D
frame_000717.png,51.41792178237157,8.21849137550202,474.3912048339844,D
frame_000718.png,51.41792179924531,8.218491520372446,474.3863220214844,D
frame_000719.png,51.417921758150754,8.218491695280305,474.3829040527344,D
frame_000720.png,51.417921657990696,8.218491873728995,474.3738403320313,D
frame_000721.png,51.41792155780692,8.218492120220114,474.3673400878906,D
frame_000722.png,51.41792134348506,8.218492731994939,474.3480224609375,D
frame_000723.png,51.4179212327131,8.218492926198735,474.3547668457031,D
frame_000724.png,51.41792117896342,8.21849313069193,474.3492736816406,D
frame_000725.png,51.41792094515133,8.218493404625042,474.3514709472656,D
frame_000726.png,51.41792092953399,8.21849353385557,474.3445434570313,D
frame_000727.png,51.41792090682028,8.218493535534694,474.3458251953125,D
frame_000728.png,51.41792096892922,8.218493515076647,474.3419494628906,D
frame_000729.png,51.417921009351126,8.21849347509923,474.3392639160156,D
frame_000730.png,51.41792104104948,8.21849350023731,474.33929443359375,D
frame_000731.png,51.4179210438162,8.218493406397558,474.346435546875,D
frame_000732.png,51.41792100402338,8.218492817328666,474.3554992675781,D
frame_000733.png,51.41792110245335,8.218492719502379,474.36529541015625,D
frame_000734.png,51.41792105100376,8.218492584036355,474.3722839355469,D
frame_000735.png,51.41792104478358,8.218492463502342,474.3785095214844,D
frame_000736.png,51.41792091939007,8.218492179585695,474.3812561035156,D
frame_000737.png,51.417920864824445,8.218492108346513,474.3824157714844,D
frame_000738.png,51.41792085623203,8.218492028788788,474.3821105957031,D
frame_000739.png,51.41792092879353,8.218492027508056,474.3707580566406,D
frame_000740.png,51.41792090752259,8.218492002976648,474.37933349609375,D
frame_000741.png,51.41792082370905,8.218492062689178,474.37933349609375,D
frame_000742.png,51.41792091576437,8.218492259033221,474.3750305175781,D
frame_000743.png,51.41792103331748,8.218492374359759,474.3609313964844,D
frame_000744.png,51.417921050874185,8.218492507684324,474.3608093261719,D
frame_000745.png,51.41792090729565,8.218492580473821,474.35784912109375,D
frame_000746.png,51.41792065878892,8.218493019184699,474.3465881347656,D
frame_000747.png,51.41792064823821,8.218493207159419,474.3445739746094,D
frame_000748.png,51.41792068661596,8.218493376106425,474.342529296875,D
frame_000749.png,51.4179207519837,8.218493735801541,474.3282165527344,D
frame_000750.png,51.41792074695102,8.218493924495942,474.322509765625,D
frame_000751.png,51.41792071303716,8.218494079710327,474.3219909667969,D
frame_000752.png,51.4179206763886,8.21849425679067,474.3198547363281,D
frame_000753.png,51.417920360556685,8.218494402762353,474.3703002929688,D
frame_000754.png,51.41792018653693,8.218494428220417,474.3927001953125,D
frame_000755.png,51.417920115639454,8.21849441841959,474.3990783691406,D
frame_000756.png,51.4179201118265,8.218494400870467,474.3985900878906,D
frame_000757.png,51.417923153087095,8.218493611332635,474.3861389160156,D
frame_000758.png,51.41792421988072,8.21849416850289,474.3995056152344,D
frame_000759.png,51.41792465338597,8.218494837822847,474.4356689453125,D
frame_000760.png,51.41792284744206,8.218493861808367,474.46142578125,D
frame_000761.png,51.41792110493763,8.218492577311686,474.4437255859375,D
frame_000762.png,51.41791906369125,8.218491375244714,474.4380798339844,D
frame_000763.png,51.41791682137168,8.218490040549316,474.4513549804688,D
frame_000764.png,51.41791185282464,8.218487368712871,474.4205627441406,D
frame_000765.png,51.41790921637566,8.21848606962538,474.41937255859375,D
frame_000766.png,51.41790660232193,8.218484812565828,474.4207458496094,D
frame_000767.png,51.41790397461664,8.218483511223726,474.4085693359375,D
frame_000768.png,51.41789634569482,8.21848010132403,474.4073486328125,C
frame_000769.png,51.41789387495552,8.218478974061236,474.4147644042969,C
frame_000770.png,51.41788688106336,8.218475226549616,474.42132568359375,C
frame_000771.png,51.41788466535145,8.218473913267019,474.4346008300781,C
frame_000772.png,51.41788034108801,8.218471468030065,474.4300537109375,C
frame_000773.png,51.417876168281744,8.21846885191048,474.4421997070313,C
frame_000774.png,51.41787210960124,8.218466569839782,474.4013366699219,C
frame_000775.png,51.417868210249374,8.21846367083643,474.3857727050781,C
frame_000776.png,51.4178677263272,8.218463198285553,474.4167785644531,C
frame_000777.png,51.41786734034808,8.218462815333357,474.407958984375,C
frame_000778.png,51.41786701396438,8.21846240401892,474.4094848632813,C
frame_000779.png,51.417866631087655,8.21846189026882,474.6204223632813,C
frame_000780.png,51.417866506210935,8.218461578237648,474.7158203125,C
frame_000781.png,51.41786632167568,8.218461307994572,474.77001953125,C
frame_000782.png,51.417866181758086,8.218461206817645,474.7750244140625,C
frame_000783.png,51.41786595926824,8.218460820085154,474.7810668945313,C
frame_000784.png,51.41786595003956,8.218460832130061,474.7794189453125,C
frame_000785.png,51.417865899594695,8.218461205006538,474.7735595703125,C
frame_000786.png,51.41786589695785,8.218461345874204,474.76800537109375,C
frame_000787.png,51.41786584908171,8.218461375172149,474.7607421875,C
frame_000788.png,51.41786589747037,8.218461492032194,474.7706298828125,C
frame_000789.png,51.41786592530836,8.218462294425883,474.7502746582031,C
frame_000790.png,51.4178659051871,8.218462642872206,474.7484436035156,C
frame_000791.png,51.41786591958165,8.218462980816453,474.7487182617188,C
frame_000792.png,51.417865838288506,8.218463497595165,474.7516174316406,C
frame_000793.png,51.41786579910288,8.218463964593926,474.7487182617188,C
frame_000794.png,51.4178658078337,8.218464105863184,474.750732421875,C
frame_000795.png,51.41786588476238,8.218464234179782,474.7590637207031,C
frame_000796.png,51.41786591389998,8.21846423647373,474.7633056640625,C
frame_000797.png,51.41786597368494,8.218464194122433,474.7626037597656,C
frame_000798.png,51.41786604183148,8.218464092981861,474.770263671875,C
frame_000799.png,51.41786615907285,8.218464034634266,474.7630615234375,C
frame_000800.png,51.41786621392775,8.2184639517159,474.7633666992188,C
frame_000801.png,51.4178662883495,8.218463831138958,474.7712097167969,C
frame_000802.png,51.417866388932254,8.218463816934438,474.7702941894531,C
frame_000803.png,51.41786641190637,8.218463781683523,474.77239990234375,C
frame_000804.png,51.41786644075424,8.218463704789805,474.7721862792969,C
frame_000805.png,51.41786650476872,8.218463672669309,474.77239990234375,C
frame_000806.png,51.41786656531847,8.218463411088672,474.7778930664063,C
frame_000807.png,51.41786661515263,8.218463377769835,474.78173828125,C
frame_000808.png,51.4178666908039,8.218463347992502,474.773193359375,C
frame_000809.png,51.41786674332173,8.218463116314608,474.7899169921875,C
frame_000810.png,51.41786681357159,8.21846309361198,474.7601013183594,C
frame_000811.png,51.41786712340567,8.218463200716185,474.7405090332031,C
frame_000812.png,51.41787051808544,8.218464766710765,474.7374267578125,C
frame_000813.png,51.41787215675682,8.218465575963256,474.7828063964844,C
frame_000814.png,51.41787559423168,8.21846741104648,474.7737121582031,C
frame_000815.png,51.41787621480136,8.21846736321953,474.7810974121094,C
frame_000816.png,51.41787633773696,8.21846727962453,474.77337646484375,C
frame_000817.png,51.41787648258724,8.218467183153587,474.775634765625,C
frame_000818.png,51.41787658446653,8.218467077693608,474.7789611816406,C
frame_000819.png,51.41787677251519,8.218467048284138,474.7860107421875,C
frame_000820.png,51.4178768253133,8.218467104325496,474.7843933105469,C
frame_000821.png,51.41787681330857,8.218467196191584,474.7843322753906,C
frame_000822.png,51.41787678875206,8.218467305302708,474.7842102050781,C
frame_000823.png,51.41787662326198,8.21846764980761,474.7790222167969,C
frame_000824.png,51.41787655635919,8.218467705740464,474.7753601074219,C
frame_000825.png,51.417876374920624,8.218467827745478,474.7810668945313,C
frame_000826.png,51.41787622410215,8.21846782368805,474.7849426269531,C
frame_000827.png,51.41787593184573,8.218467694938152,474.7877502441406,C
frame_000828.png,51.41787586906712,8.218467584713503,474.7896423339844,C
frame_000829.png,51.41787561759167,8.218467237469929,474.790771484375,C
frame_000830.png,51.41787564215449,8.218466779277259,474.8136596679688,C
frame_000831.png,51.41787563869667,8.218466626130354,474.8224792480469,C
frame_000832.png,51.417875663491216,8.218466504526843,474.8238830566406,C
frame_000833.png,51.41787565375175,8.218466313471787,474.8189086914063,C
frame_000834.png,51.41787577030327,8.21846626896841,474.8146057128906,C
frame_000835.png,51.41787589471436,8.218466364062342,474.8069763183594,C
frame_000836.png,51.41787602289805,8.218466325675845,474.8101196289063,C
frame_000837.png,51.41787620392555,8.218466188155968,474.8155822753906,C
frame_000838.png,51.41787650779309,8.21846595333077,474.8144836425781,C
frame_000839.png,51.41787662289542,8.218465764456024,474.8085632324219,C
frame_000840.png,51.41787675727518,8.218465415320383,474.81103515625,C
frame_000841.png,51.41787695660429,8.218466257978143,474.813232421875,C
frame_000842.png,51.41787701520936,8.218466471237662,474.8170471191406,C
frame_000843.png,51.41787713775237,8.218467015470235,474.822509765625,C
frame_000844.png,51.417877256495615,8.218467063152175,474.8247375488281,C
frame_000845.png,51.41787727482137,8.218466646819802,474.81640625,C
frame_000846.png,51.41787716288487,8.218466566984368,474.8140258789063,C
frame_000847.png,51.41787703700333,8.218466580535273,474.810546875,C
frame_000848.png,51.41787689281718,8.218466641092771,474.80902099609375,C
frame_000849.png,51.4178767144376,8.218466927864137,474.8226013183594,C
frame_000850.png,51.41787661309668,8.218467048539381,474.8219604492188,C
frame_000851.png,51.41787654839427,8.218467024280416,474.8288269042969,C
frame_000852.png,51.41787643987809,8.218466933686722,474.8294067382813,C
frame_000853.png,51.41787636300495,8.218466847478224,474.8303833007813,C
frame_000854.png,51.41787623266132,8.21846675936328,474.8277893066406,C
frame_000855.png,51.41787581868796,8.218466646103419,474.7956237792969,C
frame_000856.png,51.41787555100986,8.218466158446105,474.8175659179688,C
frame_000857.png,51.41787549745667,8.218466031357424,474.822509765625,C
frame_000858.png,51.417875308649926,8.218466246833943,474.820068359375,C
frame_000859.png,51.41787520036027,8.218466436766633,474.8150329589844,C
frame_000860.png,51.41787496999992,8.21846670681364,474.8072509765625,C
frame_000861.png,51.41787479274767,8.218466631651106,474.8126831054688,C
frame_000862.png,51.417874792097095,8.218466442352264,474.8181457519531,C
frame_000863.png,51.41787484520103,8.218465943302268,474.8279418945313,C
frame_000864.png,51.41787501959498,8.218465084430619,474.81585693359375,C
frame_000865.png,51.41787510771904,8.218464723354444,474.81005859375,C
frame_000866.png,51.41787519401466,8.218464458343064,474.827392578125,C
frame_000867.png,51.41787534105352,8.218464437957286,474.8165588378906,C
frame_000868.png,51.4178755426766,8.218464373112347,474.8260192871094,C
frame_000869.png,51.41787562954224,8.218464275774023,474.8376159667969,C
frame_000870.png,51.41787571873444,8.218464158073632,474.8377685546875,C
frame_000871.png,51.417875832711935,8.218463818216316,474.8401489257813,C
frame_000872.png,51.417875934977474,8.218464138155262,474.8392333984375,C
frame_000873.png,51.41787601151712,8.218464547960473,474.8243408203125,C
frame_000874.png,51.417876093997855,8.218464793253302,474.8405456542969,C
frame_000875.png,51.417876117087175,8.218464856930295,474.8366088867188,C
frame_000876.png,51.41787615090774,8.218464860719509,474.8284912109375,C
frame_000877.png,51.41787616987639,8.21846481231232,474.8335571289063,C
frame_000878.png,51.41787618131633,8.218464659145758,474.8350830078125,C
frame_000879.png,51.41787609834059,8.218464833552968,474.8248901367188,C
frame_000880.png,51.41787603444098,8.218465031853881,474.8146362304688,C
frame_000881.png,51.41787595794311,8.21846546921213,474.81005859375,C
frame_000882.png,51.4178758863581,8.218465636092436,474.806640625,C
frame_000883.png,51.4178758562224,8.218465861361231,474.8070068359375,C
frame_000884.png,51.41787568392597,8.218466719427777,474.8001403808594,C
frame_000885.png,51.4178756180138,8.218466904756381,474.7985534667969,C
frame_000886.png,51.41787561644461,8.218467049719468,474.7915344238281,C
frame_000887.png,51.41787562385771,8.218466855422568,474.7937316894531,C
frame_000888.png,51.41787551651777,8.218466874670357,474.7601318359375,C
frame_000889.png,51.41787522051571,8.218467439759317,474.76214599609375,C
frame_000890.png,51.41787516674868,8.218467675818461,474.7659912109375,C
frame_000891.png,51.41787512774914,8.218467850695642,474.7702331542969,C
frame_000892.png,51.417874967242426,8.218467965911966,474.7649230957031,C
frame_000893.png,51.41787472893764,8.218468127873113,474.75433349609375,C
frame_000894.png,51.41787467529935,8.21846816231802,474.7573852539063,C
frame_000895.png,51.417874698351625,8.218468190571805,474.7638854980469,C
frame_000896.png,51.41787478157803,8.218468290234705,474.767822265625,C
frame_000897.png,51.41787488027321,8.218468343439488,474.7682189941406,C
frame_000898.png,51.41787496303476,8.21846834713995,474.7710266113281,C
frame_000899.png,51.417875066576094,8.21846834890405,474.781005859375,C
frame_000900.png,51.41787510021166,8.218468275737886,474.7757568359375,C
frame_000901.png,51.4178750999092,8.218468172282064,474.7843322753906,C
frame_000902.png,51.41787514418386,8.218468083953354,474.7794494628906,C
frame_000903.png,51.417875232649656,8.218468082776107,474.7711791992188,C
frame_000904.png,51.41787525774685,8.21846808856109,474.77044677734375,C
frame_000905.png,51.417875299531296,8.218468076076736,474.7658996582031,C
frame_000906.png,51.41787519322871,8.21846792128843,474.7658386230469,C
frame_000907.png,51.41787507204555,8.218466989085481,474.8200073242188,C
frame_000908.png,51.41787504180719,8.218466293060327,474.8370056152344,C
frame_000909.png,51.41787505514123,8.218465125341933,474.8500671386719,C
frame_000910.png,51.41787507868479,8.218464796240406,474.8483276367188,C
frame_000911.png,51.41787517849973,8.218464657650213,474.8424682617188,C
frame_000912.png,51.4178752996024,8.218464597186145,474.8400573730469,C
frame_000913.png,51.41787554620217,8.218464575160912,474.8469543457031,C
frame_000914.png,51.41787566835014,8.218464495253514,474.8505554199219,C
frame_000915.png,51.41787580319288,8.218464429867316,474.8420104980469,C
frame_000916.png,51.4178758426822,8.218464439573587,474.8223571777344,C
frame_000917.png,51.41787584469672,8.218464452337482,474.8191223144531,C
frame_000918.png,51.4178758700827,8.21846452839957,474.8125305175781,C
frame_000919.png,51.41787589358147,8.218464646180385,474.813720703125,C
frame_000920.png,51.41787596145199,8.218465113653481,474.8119201660156,C
frame_000921.png,51.417875857713874,8.218465102218518,474.8155822753906,C
frame_000922.png,51.41787579965081,8.218465168465404,474.80706787109375,C
frame_000923.png,51.41787566219778,8.218465297492392,474.80511474609375,C
frame_000924.png,51.41787557387509,8.218465359906563,474.7982177734375,C
frame_000925.png,51.41787547173044,8.21846560822922,474.7905578613281,C
frame_000926.png,51.41787542181357,8.218465831650438,474.793212890625,C
frame_000927.png,51.41787539150028,8.218465948063276,474.78802490234375,C
frame_000928.png,51.41787536929,8.218466041903369,474.79876708984375,C
frame_000929.png,51.41787537845818,8.218466308348074,474.79931640625,C
frame_000930.png,51.41787527341172,8.218467098427602,474.7824096679688,C
frame_000931.png,51.41787517407258,8.218467218100304,474.8078918457031,C
frame_000932.png,51.41787507678934,8.218467192950001,474.816162109375,C
frame_000933.png,51.41787498572168,8.218467081410225,474.8155822753906,C
frame_000934.png,51.417874953925455,8.218467086328394,474.8033447265625,C
frame_000935.png,51.41787494042277,8.218467186572543,474.8028564453125,C
frame_000936.png,51.41787487691278,8.218467571572175,474.7956848144531,C
frame_000937.png,51.4178748026516,8.218467622117315,474.7966918945313,C
frame_000938.png,51.41787473942422,8.218467715125145,474.8012390136719,C
frame_000939.png,51.41787466994364,8.21846778680087,474.7973327636719,C
frame_000940.png,51.41787459737272,8.218469166322896,474.8151245117188,C
frame_000941.png,51.41787460143877,8.218471560843634,474.7915344238281,C
frame_000942.png,51.41787417752303,8.218473690562725,474.7749938964844,C
frame_000943.png,51.41787278143621,8.21847715418714,474.81732177734375,C
frame_000944.png,51.41787172029476,8.218478177551933,474.8177490234375,C
frame_000945.png,51.41787046297815,8.218478428174402,474.798583984375,C
frame_000946.png,51.41786933719428,8.218477767600044,474.7980041503906,C
frame_000947.png,51.41786900705097,8.218476775443428,474.7541198730469,C
frame_000948.png,51.41786916450211,8.218476586677784,474.7654724121094,C
frame_000949.png,51.41786945746427,8.218476047605138,474.7803039550781,C
frame_000950.png,51.417870317970106,8.218475040362435,474.8045654296875,C
frame_000951.png,51.41787123415038,8.21847428863782,474.8384094238281,C
frame_000952.png,51.41787517688119,8.218472342894508,474.9541015625,C
frame_000953.png,51.41788848051523,8.21846695801439,475.1875,C
frame_000954.png,51.41789528421892,8.218464217538092,475.26507568359375,C
frame_000955.png,51.417903330769136,8.218460968534528,475.3641052246094,D
frame_000956.png,51.417923089144594,8.218452788303642,475.5779113769531,D
frame_000957.png,51.41793469992759,8.218447988913871,475.6854553222656,D
frame_000958.png,51.41796049766644,8.218436740283803,475.9249572753906,D
frame_000959.png,51.41798856816117,8.21842425416476,476.16546630859375,D
frame_000960.png,51.418002928436565,8.218417800042955,476.29986572265625,D
frame_000961.png,51.41801726756941,8.218411437626425,476.4194030761719,A
frame_000962.png,51.418031257792855,8.218405047920646,476.5498046875,A
frame_000963.png,51.418057995169306,8.218392877777845,476.7913208007813,A
frame_000964.png,51.41808204410658,8.218381913183052,476.9720458984375,A
frame_000965.png,51.41809269922516,8.218377071443582,477.055908203125,A
frame_000966.png,51.418110874240746,8.21836901064461,477.1794128417969,A
frame_000967.png,51.41811808342519,8.218365996772281,477.2318420410156,A
frame_000968.png,51.41812406983344,8.218363432046749,477.271240234375,A
frame_000969.png,51.41812882714647,8.218361555409874,477.3022155761719,A
frame_000970.png,51.41813578344799,8.21835884000915,477.3563232421875,A
frame_000971.png,51.41813554769356,8.21835834361471,477.3660888671875,A
frame_000972.png,51.41813419788333,8.21835730976942,477.3599853515625,A
frame_000973.png,51.41812951646926,8.21835220009141,477.39300537109375,A
frame_000974.png,51.418129038316096,8.218351411956267,477.4098510742188,A
frame_000975.png,51.41812802365873,8.2183516980423,477.4226379394531,A
frame_000976.png,51.41812695633005,8.218352344561273,477.4325256347656,A
frame_000977.png,51.41812590531577,8.21835330302759,477.4185791015625,A
frame_000978.png,51.41812465777973,8.218354291479717,477.42718505859375,A
frame_000979.png,51.41812240964711,8.218356720391816,477.4228210449219,A
frame_000980.png,51.41812151027267,8.218358573686805,477.4364013671875,A
frame_000981.png,51.41812147218625,8.218359151490054,477.4311828613281,A
frame_000982.png,51.41812185081599,8.21835999043651,477.42816162109375,A
frame_000983.png,51.41812204755373,8.218360287641614,477.4217224121094,A
frame_000984.png,51.418122200969776,8.218360611367444,477.4184265136719,A
frame_000985.png,51.41812236960902,8.218361520108875,477.390869140625,A
frame_000986.png,51.41812239357813,8.218361695308698,477.3839111328125,A
frame_000987.png,51.41812242299312,8.21836185044225,477.3780212402344,A
frame_000988.png,51.41812250156187,8.218361839448722,477.3768005371094,A
frame_000989.png,51.41812292957094,8.218361738281086,477.3884582519531,A
frame_000990.png,51.418123145333055,8.21836178294602,477.3854370117188,A
frame_000991.png,51.418123312546776,8.218361714889744,477.3873596191406,A
frame_000992.png,51.41812374423359,8.218361577089388,477.3813781738281,A
frame_000993.png,51.418123905340224,8.218361656936615,477.3739013671875,A
frame_000994.png,51.41812399963345,8.218361643386542,477.3841247558594,A
frame_000995.png,51.41812417972833,8.218361569987861,477.3898620605469,A
frame_000996.png,51.41812432641312,8.218361431229992,477.3883666992188,A
frame_000997.png,51.418124530089685,8.218361103650224,477.3829650878906,A
frame_000998.png,51.41812473291253,8.218360630094363,477.3779602050781,A
frame_000999.png,51.41812515388887,8.218359637568867,477.3663635253906,A
frame_001000.png,51.41812525865928,8.218359227613284,477.3660888671875,A
frame_001001.png,51.41812526322938,8.218358840823246,477.3785095214844,A
frame_001002.png,51.41812530720146,8.21835851831884,477.38092041015625,A
frame_001003.png,51.41812520818511,8.218358048890318,477.3900146484375,A
frame_001004.png,51.41812514677044,8.218357871240327,477.3938598632813,A
frame_001005.png,51.418125019779104,8.218357729662419,477.3931884765625,A
frame_001006.png,51.41812486285127,8.218357608477122,477.3952941894531,A
frame_001007.png,51.41812463436718,8.21835751701624,477.3983459472656,A
frame_001008.png,51.418124451521926,8.218357631184118,477.3983459472656,A
frame_001009.png,51.41812434659945,8.218358090774837,477.3769836425781,A
frame_001010.png,51.41812422800359,8.218358152171302,477.3651123046875,A
frame_001011.png,51.41812414712656,8.218357823781114,477.3601684570313,A
frame_001012.png,51.41812410537874,8.218357195928716,477.3658752441406,A
frame_001013.png,51.41812383793088,8.218354819139885,477.4199523925781,A
frame_001014.png,51.41812282301164,8.218354174125416,477.4082946777344,A
frame_001015.png,51.418120767417015,8.21835526697376,477.4019165039063,A
frame_001016.png,51.41811976905116,8.218356121212235,477.4017333984375,A
frame_001017.png,51.41811882651228,8.218357055843123,477.4152221679688,A
frame_001018.png,51.41811777739182,8.218357988198946,477.4399108886719,A
frame_001019.png,51.41811449928291,8.218362237861657,477.4444580078125,A
frame_001020.png,51.41811339360791,8.218364166615782,477.4405517578125,A
frame_001021.png,51.41810984823976,8.218372005240367,477.4328308105469,A
frame_001022.png,51.41810845336104,8.218375148046295,477.4333190917969,A
frame_001023.png,51.41810539452245,8.218382395479805,477.4185791015625,A
frame_001024.png,51.41810248804653,8.21839029773578,477.3962097167969,A
frame_001025.png,51.41810107553376,8.21839412263522,477.3928833007813,A
frame_001026.png,51.41809980231985,8.218397882550638,477.39501953125,A
frame_001027.png,51.41809856937608,8.218401386640554,477.3992919921875,A
frame_001028.png,51.41809618596682,8.218408041815698,477.4046325683594,A
frame_001029.png,51.41809496438002,8.218411217646718,477.4172058105469,A
frame_001030.png,51.41809372417683,8.218414297298892,477.4150695800781,A
frame_001031.png,51.418092540766,8.218417462535728,477.407958984375,A
frame_001032.png,51.41809014889248,8.218423474318413,477.4073791503906,A
frame_001033.png,51.41808893512076,8.218426441434268,477.4002075195313,A
frame_001034.png,51.418087727581714,8.218429491590307,477.3917846679688,A
frame_001035.png,51.418086509074456,8.2184325704428,477.3752746582031,A
frame_001036.png,51.41808401414775,8.218438758383314,477.3636474609375,A
frame_001037.png,51.41808268610232,8.218441863092334,477.3706970214844,A
frame_001038.png,51.4180813200483,8.218444930643425,477.3786926269531,A
frame_001039.png,51.41808015958774,8.218448044789032,477.3755493164063,A
frame_001040.png,51.41807795799085,8.218454320204932,477.3670349121094,A
frame_001041.png,51.41807687215075,8.218457261571187,477.3658142089844,A
frame_001042.png,51.418075718867016,8.218460094375304,477.375,F
frame_001043.png,51.4180745938726,8.218462993372285,477.37548828125,F
frame_001044.png,51.41807137151601,8.218471846134198,477.3709106445313,F
frame_001045.png,51.41807035380646,8.21847475143018,477.3665771484375,F
frame_001046.png,51.41806929260803,8.218477785511041,477.3594665527344,F
frame_001047.png,51.41806574196962,8.218486886406097,477.3699645996094,F
frame_001048.png,51.418064573282585,8.218489948566454,477.3795166015625,F
frame_001049.png,51.41806342714297,8.218492896303674,477.3822021484375,F
frame_001050.png,51.41805991287512,8.21850082876178,477.3836975097656,F
frame_001051.png,51.41805718592473,8.218505148168642,477.4279479980469,F
frame_001052.png,51.41805509458752,8.218509350024965,477.445556640625,F
frame_001053.png,51.41805421251545,8.218511675144848,477.4591369628906,F
frame_001054.png,51.41805328524104,8.218514141860458,477.459228515625,F
frame_001055.png,51.41805057317463,8.218522741303495,477.43890380859375,F
frame_001056.png,51.41804962699617,8.218525900168196,477.4227294921875,F
frame_001057.png,51.41804865165525,8.218529185611603,477.4150390625,F
frame_001058.png,51.41804530525357,8.218539252915948,477.4015808105469,F
frame_001059.png,51.41804409801912,8.21854262530346,477.4105224609375,F
frame_001060.png,51.41804300538133,8.21854616221044,477.4024658203125,F
frame_001061.png,51.41803871638219,8.218559182963345,477.41790771484375,F
frame_001062.png,51.41803764791866,8.218562260648708,477.423583984375,F
frame_001063.png,51.41803343770966,8.218575037810673,477.3952331542969,F
frame_001064.png,51.418032352022855,8.218578260564273,477.3836975097656,B
frame_001065.png,51.418031221187775,8.218581408668475,477.3823547363281,B
frame_001066.png,51.41802901542248,8.218587454769164,477.3762817382813,B
frame_001067.png,51.41802791637973,8.21859036377704,477.3876647949219,B
frame_001068.png,51.41802678851396,8.218593248988721,477.3885192871094,B
frame_001069.png,51.41802563254621,8.218596125311645,477.3889770507813,B
frame_001070.png,51.41802331065237,8.218602317626061,477.3599548339844,B
frame_001071.png,51.4180221540157,8.218605300760792,477.3580932617188,B
frame_001072.png,51.41802112800167,8.21860843923861,477.3477478027344,B
frame_001073.png,51.418018174145246,8.218616818519926,477.3155212402344,B
frame_001074.png,51.418017490553694,8.218618854681635,477.3084411621094,B
frame_001075.png,51.418017114468526,8.21862028419117,477.31292724609375,B
frame_001076.png,51.41801683521413,8.218621087085081,477.3095397949219,B
frame_001077.png,51.4180167730963,8.21862116376185,477.3427429199219,B
frame_001078.png,51.4180168514116,8.218621115151931,477.34765625,B
frame_001079.png,51.41801685563669,8.21862183127581,477.3444519042969,B
frame_001080.png,51.41801679101695,8.218622148712187,477.3421630859375,B
frame_001081.png,51.4180166600768,8.21862236064703,477.3499145507813,B
frame_001082.png,51.41801655835259,8.218622579779815,477.3477478027344,B
frame_001083.png,51.41801626513248,8.218622363824982,477.3475341796875,B
frame_001084.png,51.41801627748626,8.218622130783825,477.3447570800781,B
frame_001085.png,51.41801626142413,8.218621738692528,477.3509216308594,B
frame_001086.png,51.41801642930547,8.218621218680074,477.3550415039063,B
frame_001087.png,51.4180165637747,8.218621061399466,477.359375,B
frame_001088.png,51.418016766583136,8.218621006009679,477.35693359375,B
frame_001089.png,51.41801695216429,8.218621012036921,477.3561096191406,B
frame_001090.png,51.418017393371976,8.218621228047699,477.3568420410156,B
frame_001091.png,51.41801749833648,8.218621343570108,477.3575744628906,B
frame_001092.png,51.41801796724535,8.218621369665945,477.3494262695313,B
frame_001093.png,51.41801806961109,8.21862130647953,477.3417053222656,B
frame_001094.png,51.41801814054991,8.21862102045982,477.3451232910156,B
frame_001095.png,51.41801809966855,8.218621035415511,477.3472900390625,B
frame_001096.png,51.41801803641727,8.218620995641242,477.3514099121094,B
frame_001097.png,51.41801797367973,8.218620908629722,477.3483276367188,B
frame_001098.png,51.41801777420572,8.218620350863715,477.35882568359375,B
frame_001099.png,51.418017743494886,8.218620089552335,477.3563232421875,B
frame_001100.png,51.418017665868966,8.218619893538314,477.3464050292969,B
frame_001101.png,51.41801758615165,8.218619774629726,477.3398132324219,B
frame_001102.png,51.41801751893939,8.218619597795575,477.3416748046875,B
frame_001103.png,51.41801750286276,8.218619508329274,477.3325500488281,B
frame_001104.png,51.41801757661074,8.218619355582902,477.3321228027344,B
frame_001105.png,51.4180174758643,8.218619306772863,477.34381103515625,B
frame_001106.png,51.41801739200603,8.21861937511679,477.3458251953125,B
frame_001107.png,51.41801731068969,8.218619423886214,477.3486633300781,B
frame_001108.png,51.41801723924166,8.218619506443943,477.3509521484375,B
frame_001109.png,51.41801692365507,8.218619714378958,477.3565368652344,B
frame_001110.png,51.41801679141616,8.218619928003296,477.3531188964844,B
frame_001111.png,51.418016722094805,8.21861994547643,477.2985229492188,B
frame_001112.png,51.41801661013197,8.218619629222363,477.3244934082031,B
frame_001113.png,51.41801467725107,8.218619951166787,477.3642578125,B
frame_001114.png,51.41801431147564,8.218620635506557,477.3845825195313,B
frame_001115.png,51.41801461240319,8.218621370307865,477.41497802734375,B
frame_001116.png,51.41801579695881,8.218621970930577,477.406494140625,B
frame_001117.png,51.418020117352334,8.218621835260098,477.4176330566406,B
frame_001118.png,51.41802295309176,8.218620808029401,477.409423828125,B
frame_001119.png,51.41802545955608,8.218618715482659,477.4187622070313,B
frame_001120.png,51.41802761062803,8.218616244588778,477.4183044433594,B
frame_001121.png,51.41803382760028,8.218608297526682,477.4107360839844,B
frame_001122.png,51.418035863821466,8.218605678301419,477.41119384765625,B
frame_001123.png,51.41803787982215,8.218603158105346,477.4073791503906,B
frame_001124.png,51.41804177612606,8.218598219608968,477.4002380371094,F
frame_001125.png,51.4180436136586,8.218595864816782,477.4029541015625,F
frame_001126.png,51.418047305555184,8.218591576307896,477.3935241699219,F
frame_001127.png,51.41805091941372,8.218587477866315,477.4021301269531,F
frame_001128.png,51.41805271891738,8.218585516433565,477.4063720703125,F
frame_001129.png,51.41805449465669,8.218583601959853,477.4080505371094,F
frame_001130.png,51.4180562326546,8.218581662519416,477.4119262695313,F
frame_001131.png,51.418061595687966,8.218576162224752,477.42034912109375,F
frame_001132.png,51.41806334399089,8.218574442047512,477.3972473144531,F
frame_001133.png,51.41806684426549,8.21857094079856,477.3594665527344,F
frame_001134.png,51.41806720766191,8.218570633645665,477.3733520507813,F
frame_001135.png,51.41806732657182,8.218570787373142,477.3995971679688,F
frame_001136.png,51.41806730472896,8.218571103262583,477.4179992675781,F
frame_001137.png,51.41806666766713,8.21857107654039,477.4290161132813,F
frame_001138.png,51.41806649983055,8.218570758386436,477.4356994628906,F
frame_001139.png,51.418066408556165,8.218570725575004,477.4415588378906,F
frame_001140.png,51.418066313026856,8.218570765008964,477.4368286132813,F
frame_001141.png,51.41806628324297,8.218570952960556,477.4350280761719,F
frame_001142.png,51.418066350331685,8.21857105160373,477.4318237304688,F
frame_001143.png,51.41806646222936,8.21857114034085,477.4357299804688,F
frame_001144.png,51.41806651073256,8.218571120938032,477.43658447265625,F
frame_001145.png,51.41806656681008,8.218571108548534,477.4361877441406,F
frame_001146.png,51.41806689393872,8.218570882160115,477.4365234375,F
frame_001147.png,51.41806698447357,8.218570762999502,477.4397277832031,F
frame_001148.png,51.41806704974589,8.218570425043584,477.41986083984375,F
frame_001149.png,51.41806679179959,8.218569916464398,477.4380798339844,F
frame_001150.png,51.4180666659199,8.218569696045721,477.437744140625,F
frame_001151.png,51.41806661353239,8.218569622384877,477.4339294433594,F
frame_001152.png,51.41806663216351,8.218569720728548,477.4287109375,F
frame_001153.png,51.4180665138536,8.218569857992787,477.42474365234375,F
frame_001154.png,51.41806634598663,8.218569948999308,477.4259948730469,F
frame_001155.png,51.41806615537703,8.21856986889911,477.423583984375,F
frame_001156.png,51.41806609491736,8.218569778070034,477.42523193359375,F
frame_001157.png,51.41806608377589,8.218569584992027,477.4280090332031,F
frame_001158.png,51.41806611796945,8.218569489498643,477.4394836425781,F
frame_001159.png,51.41806608148056,8.21856948865493,477.4347839355469,F
frame_001160.png,51.41806600976712,8.2185695795567,477.4125061035156,F
frame_001161.png,51.41806606179043,8.218569787201867,477.4088439941406,F
frame_001162.png,51.418066126292686,8.218570019912356,477.4208068847656,F
frame_001163.png,51.418066231274594,8.218570274217138,477.4153137207031,F
frame_001164.png,51.41806651009267,8.218570589604584,477.4050598144531,F
frame_001165.png,51.41806671619738,8.218571079117996,477.4046936035156,F
frame_001166.png,51.41806686290448,8.218571365682282,477.4042663574219,F
frame_001167.png,51.41806731879879,8.218571970572638,477.3973083496094,F
frame_001168.png,51.41806756890596,8.21857225744103,477.3973388671875,F
frame_001169.png,51.41806776586362,8.218572514613813,477.3999328613281,F
frame_001170.png,51.41806788193892,8.218572722054288,477.3967895507813,F
frame_001171.png,51.41807030675574,8.218571199022945,477.4393615722656,F
frame_001172.png,51.41806966723647,8.21857008625615,477.4625854492188,F
frame_001173.png,51.418068345240165,8.218566055761432,477.4169921875,F
frame_001174.png,51.418067789791415,8.21856331360959,477.4232482910156,F
frame_001175.png,51.41806723701222,8.218560560148209,477.4470520019531,F
frame_001176.png,51.4180659227281,8.21855176486801,477.4464111328125,F
frame_001177.png,51.4180656131056,8.21854862966496,477.4556274414063,F
frame_001178.png,51.41806529074338,8.218545285153636,477.4503173828125,F
frame_001179.png,51.41806493369765,8.218541855951688,477.445556640625,F
frame_001180.png,51.41806366892243,8.218531096728832,477.4371643066406,F
frame_001181.png,51.41806273118951,8.21852377974695,477.4286804199219,F
frame_001182.png,51.41806230878847,8.218516336291906,477.4225463867188,F
frame_001183.png,51.418062241008776,8.218512777032375,477.4410705566406,F
frame_001184.png,51.418062079129925,8.218509381938594,477.4801940917969,F
frame_001185.png,51.41806185964727,8.218506009899976,477.4903564453125,F
frame_001186.png,51.41806124337682,8.218499214016258,477.478515625,F
frame_001187.png,51.41806078706852,8.218495797523104,477.4743957519531,F
frame_001188.png,51.41806040433095,8.218492293375565,477.458740234375,F
frame_001189.png,51.41806002053204,8.218488762438128,477.4443054199219,F
frame_001190.png,51.41805905459854,8.218481441856197,477.4368591308594,F
frame_001191.png,51.418058627912046,8.218477735110707,477.4417114257813,F
frame_001192.png,51.41805781364384,8.218470403515953,477.4346618652344,F
frame_001193.png,51.41805703215754,8.21846314751964,477.4244079589844,F
frame_001194.png,51.41805658319189,8.218459550794831,477.4145812988281,F
frame_001195.png,51.418056175534616,8.218456073699203,477.423828125,F
frame_001196.png,51.41805586041372,8.218452703514407,477.4214172363281,F
frame_001197.png,51.41805266987823,8.218425358185614,477.4563598632813,A
frame_001198.png,51.41805222569958,8.21842170347469,477.4716796875,A
frame_001199.png,51.41805100477031,8.218411096347927,477.4621887207031,A
frame_001200.png,51.41805065396405,8.218407565371017,477.4473571777344,A
frame_001201.png,51.41805026390333,8.218403940505299,477.4472351074219,A
frame_001202.png,51.41804985745355,8.218400417272115,477.4559631347656,A
frame_001203.png,51.41804866405653,8.218393870937055,477.4591064453125,A
frame_001204.png,51.418047985916814,8.218390371285453,477.4555358886719,A
frame_001205.png,51.41804726239027,8.218386889574257,477.4532165527344,A
frame_001206.png,51.41804646703846,8.218383424851321,477.4599304199219,A
frame_001207.png,51.418043912851154,8.218373586907434,477.4724426269531,A
frame_001208.png,51.41804316868795,8.218370504012306,477.4691162109375,A
frame_001209.png,51.41804209444512,8.218364263888613,477.4938049316406,A
frame_001210.png,51.41804173258701,8.218360928088735,477.5387878417969,A
frame_001211.png,51.41804163447077,8.218357118766496,477.5469665527344,A
frame_001212.png,51.41804143741355,8.218353304648646,477.5531005859375,A
frame_001213.png,51.418040154119765,8.218342875294253,477.4892883300781,A
frame_001214.png,51.41803985047413,8.218339370197247,477.4641723632813,A
frame_001215.png,51.41803948932754,8.218335875434606,477.4755859375,A
frame_001216.png,51.41803914906153,8.218332544214606,477.4808044433594,A
frame_001217.png,51.41803831141943,8.218326064287586,477.4988403320313,A
frame_001218.png,51.418037932611846,8.218322661208465,477.5013732910156,A
frame_001219.png,51.41803763862627,8.21831905274153,477.4867858886719,A
frame_001220.png,51.41803736521987,8.218315386940354,477.4811401367188,A
frame_001221.png,51.41803669975051,8.218308114144191,477.4771423339844,E
frame_001222.png,51.41803581937904,8.21830147064689,477.4817504882813,E
frame_001223.png,51.41803401293712,8.21828870209257,477.4906311035156,E
frame_001224.png,51.41803368010783,8.218285228903694,477.4771728515625,E
frame_001225.png,51.41803337910658,8.218281466337805,477.4593200683594,E
frame_001226.png,51.41803280906845,8.218273808392555,477.4569091796875,E
frame_001227.png,51.41803250257596,8.218270017224498,477.4429321289063,E
frame_001228.png,51.41803216644315,8.21826634748121,477.4373779296875,E
frame_001229.png,51.418031382274606,8.21825911308241,477.4202880859375,E
frame_001230.png,51.41803096048788,8.218255541765275,477.4326477050781,E
frame_001231.png,51.4180300137611,8.218248691652613,477.4149169921875,E
frame_001232.png,51.41802945589749,8.218245328046377,477.4094848632813,E
frame_001233.png,51.41802840264951,8.218238645308372,477.3857421875,E
frame_001234.png,51.41802783293341,8.218235206218857,477.3843994140625,E
frame_001235.png,51.418027022574464,8.218231822592555,477.38287353515625,E
frame_001236.png,51.418026277433455,8.218228493052775,477.3690490722656,E
frame_001237.png,51.41802491346159,8.218221658053746,477.38818359375,E
frame_001238.png,51.41802422856567,8.218218060450848,477.39300537109375,E
frame_001239.png,51.41802316423162,8.218210689125975,477.3986511230469,E
frame_001240.png,51.41802249253673,8.218199890138417,477.4183349609375,E
frame_001241.png,51.41802238262292,8.218196278752426,477.4109802246094,E
frame_001242.png,51.41802228163747,8.218192791245686,477.3836364746094,E
frame_001243.png,51.41802198325391,8.218187824314219,477.3578186035156,E
frame_001244.png,51.41802179249123,8.218186346742018,477.3551330566406,E
frame_001245.png,51.418021684570384,8.218185452937782,477.3478698730469,E
frame_001246.png,51.41802164728746,8.218185221327696,477.3540649414063,E
frame_001247.png,51.41802230355347,8.218183627954255,477.3914184570313,E
frame_001248.png,51.41802227604762,8.218184026182788,477.40966796875,E
frame_001249.png,51.41802209239164,8.218184625915478,477.4029541015625,E
frame_001250.png,51.41802199421534,8.218184392362504,477.3918151855469,E
frame_001251.png,51.41802193681053,8.21818413879997,477.4018859863281,E
frame_001252.png,51.41802194429883,8.21818402517691,477.4176635742188,E
frame_001253.png,51.418021952736005,8.21818393245446,477.4076843261719,E
frame_001254.png,51.418021958614034,8.218183649253131,477.4029846191406,E
frame_001255.png,51.41802194493755,8.218183544437306,477.406005859375,E
frame_001256.png,51.41802196153257,8.21818348447259,477.3891906738281,E
frame_001257.png,51.41802197475642,8.218183408324066,477.3906555175781,E
frame_001258.png,51.41802208588873,8.218183396908934,477.4107666015625,E
frame_001259.png,51.41802207645713,8.218183486456311,477.40179443359375,E
frame_001260.png,51.41802206718985,8.218183588144706,477.4028930664063,E
frame_001261.png,51.41802214480566,8.218183931318661,477.3962097167969,E
frame_001262.png,51.418022223930855,8.218184001811625,477.3880615234375,E
frame_001263.png,51.41802230974384,8.218183950857268,477.3799133300781,E
frame_001264.png,51.41802242961891,8.218183819901535,477.3853149414063,E
frame_001265.png,51.41802263260981,8.218183634031469,477.3927001953125,E
frame_001266.png,51.418022665681015,8.21818359763694,477.3938293457031,E
frame_001267.png,51.41802263875469,8.218183624448761,477.38873291015625,E
frame_001268.png,51.41802256960683,8.218183677400523,477.37603759765625,E
frame_001269.png,51.41802236432763,8.2181841313894,477.369384765625,E
frame_001270.png,51.41802231495947,8.218184422618007,477.367431640625,E
frame_001271.png,51.41802228738759,8.218184563613585,477.3729248046875,E
frame_001272.png,51.41802231196031,8.218184646993171,477.3757019042969,E
frame_001273.png,51.41802230906099,8.21818461747433,477.3681640625,E
frame_001274.png,51.4180223779282,8.218184433121301,477.3681945800781,E
frame_001275.png,51.4180224548927,8.218184347036894,477.3780517578125,E
frame_001276.png,51.41802258720689,8.218185010775802,477.3810729980469,E
frame_001277.png,51.41802264586848,8.218185330446138,477.383544921875,E
frame_001278.png,51.41802285595024,8.218185686559751,477.39935302734375,E
frame_001279.png,51.41802301267166,8.218186093393577,477.3870544433594,E
frame_001280.png,51.41802295517791,8.218185843918983,477.4124145507813,E
frame_001281.png,51.41802253003116,8.218183942585433,477.4033508300781,E
frame_001282.png,51.41802208025898,8.218184066747463,477.41552734375,E
frame_001283.png,51.4180221232484,8.218182746860853,477.3826904296875,E
frame_001284.png,51.418022152610895,8.218181472578125,477.4127502441406,E
frame_001285.png,51.41802170172388,8.218180778873018,477.43756103515625,E
frame_001286.png,51.41801814937783,8.218183900681746,477.4239807128906,E
frame_001287.png,51.41801673957806,8.218186832068913,477.41693115234375,E
frame_001288.png,51.41801586532294,8.218190158083729,477.40478515625,E
frame_001289.png,51.41801378911953,8.218201005560875,477.4201965332031,E
frame_001290.png,51.418012046622486,8.218208513702379,477.4466552734375,E
frame_001291.png,51.41800912350813,8.218219495308904,477.431640625,E
frame_001292.png,51.41800807948556,8.218222936840306,477.4176635742188,E
frame_001293.png,51.41800591572471,8.21822986953863,477.405029296875,E
frame_001294.png,51.41800404982676,8.218236438190095,477.3896179199219,E
frame_001295.png,51.41800211725561,8.218242586578251,477.396240234375,E
frame_001296.png,51.41799938549014,8.218252573034723,477.3625793457031,E
frame_001297.png,51.41799851873025,8.218255902189208,477.3564758300781,E
frame_001298.png,51.41799766908561,8.21825902942734,477.3731689453125,E
frame_001299.png,51.41799526043141,8.218268305081391,477.3779296875,E
frame_001300.png,51.41799332896163,8.218273985571068,477.3910217285156,E
frame_001301.png,51.41799235430645,8.218276901681888,477.38232421875,E
frame_001302.png,51.4179904105645,8.218283101783777,477.3761596679688,E
frame_001303.png,51.41798846026414,8.218289677868713,477.3726806640625,E
frame_001304.png,51.417987449305016,8.218293045588455,477.3757934570313,E
frame_001305.png,51.41798545032055,8.218299630650218,477.3703002929688,E
frame_001306.png,51.41798324193776,8.218305704300809,477.3890075683594,E
frame_001307.png,51.41797988289767,8.218314673208633,477.4127197265625,E
frame_001308.png,51.41797880455562,8.21831761288285,477.4178466796875,E
frame_001309.png,51.41797761661352,8.218320645786823,477.4209289550781,E
frame_001310.png,51.417976417087495,8.218323767857415,477.3998718261719,E
frame_001311.png,51.41797276405235,8.218333465101377,477.3870544433594,E
frame_001312.png,51.41797165123926,8.218336915911642,477.3790893554688,E
frame_001313.png,51.41797057694133,8.218340274863609,477.3757629394531,E
frame_001314.png,51.4179683925404,8.218346738171252,477.3681335449219,D
frame_001315.png,51.41796497485408,8.21835593824263,477.3714294433594,D
frame_001316.png,51.41796276235349,8.218361846634044,477.3701171875,D
frame_001317.png,51.417960697053545,8.218367930826671,477.364990234375,D
frame_001318.png,51.41795972299084,8.218371088896367,477.356689453125,D
frame_001319.png,51.417957770175406,8.218377232494793,477.3381652832031,D
frame_001320.png,51.41795586844198,8.218383243954323,477.3450927734375,D
frame_001321.png,51.41795488888442,8.218386149720311,477.35980224609375,D
frame_001322.png,51.41795301702224,8.2183918675856,477.3605346679688,D
frame_001323.png,51.41795201338602,8.218394676109515,477.3703918457031,D
frame_001324.png,51.417947910232535,8.218406756000238,477.34564208984375,D
frame_001325.png,51.41794681984196,8.218409947700755,477.3293151855469,D
frame_001326.png,51.41794564030487,8.218413066648713,477.3413696289063,D
frame_001327.png,51.41794457825039,8.218416364272123,477.3430480957031,D
